sid	kingdom	category
27001	4	33
27001	4	33
27002	4	33
27002	4	33
27003	4	33
27003	4	33
27004	3	20
27004	3	20
27005	3	20
27005	3	20
27006	3	20
27006	3	20
27007	3	20
27007	3	20
27008	3	20
27008	3	20
27009	3	20
27009	3	20
27010	3	20
27010	3	20
28001	2	35
28001	2	35
28002	2	23
28002	2	23
28003	2	23
28003	2	23
28004	2	23
28004	2	23
28005	3	25
28005	3	25
28006	2	10
28006	2	10
28007	2	23
28007	2	23
28008	2	23
28008	2	23
28009	2	23
28009	2	23
28010	1	23
28010	1	23
28011	2	23
28011	2	23
28012	2	23
28012	2	23
28013	2	23
28013	2	23
28014	2	23
28014	2	23
28015	2	23
28015	2	23
28017	1	23
28017	1	23
28020	5	3
28020	5	3
28022	1	53
28022	1	53
28023	1	53
28023	1	53
28024	1	57
28024	1	57
28025	1	57
28025	1	57
28026	1	57
28026	1	57
28027	1	57
28027	1	57
28028	1	15
28028	1	15
28029	1	57
28029	1	57
28030	1	57
28030	1	57
28031	1	57
28031	1	57
28032	5	2
28032	5	2
28033	2	23
28033	2	23
28034	2	27
28034	2	27
29001	5	42
29001	5	42
29002	2	26
29002	2	26
29003	5	37
29003	5	37
29004	1	17
29004	1	17
29005	1	17
29005	1	17
29006	1	17
29006	1	17
29007	1	17
29007	1	17
29008	5	6
29008	5	6
29009	3	37
29009	3	37
29011	5	51
29011	5	51
29012	5	51
29012	5	51
29998	2	100
29998	2	100
30001	4	46
30001	4	46
30003	4	33
30003	4	33
30004	4	33
30004	4	33
30005	4	33
30005	4	33
30007	4	33
30007	4	33
30008	4	46
30008	4	46
30009	1	54
30009	1	54
30010	4	28
30010	4	28
30011	4	33
30011	4	33
30012	1	43
30012	1	43
30013	4	33
30013	4	33
30015	4	33
30015	4	33
30016	4	33
30016	4	33
30018	1	73
30018	1	73
30019	1	47
30019	1	47
30020	1	73
30020	1	73
30022	4	46
30022	4	46
30023	4	47
30023	4	47
30024	4	46
30024	4	46
30025	4	33
30025	4	33
30026	4	33
30026	4	33
30028	4	33
30028	4	33
30029	4	46
30029	4	46
30030	4	33
30030	4	33
30031	4	30
30031	4	30
30032	4	24
30032	4	24
30033	4	46
30033	4	46
30034	4	66
30034	4	66
30035	4	66
30035	4	66
30036	4	46
30036	4	46
30037	4	33
30037	4	33
30038	4	33
30038	4	33
30039	4	33
30039	4	33
30040	4	28
30040	4	28
30042	5	48
30042	5	48
30043	5	48
30043	5	48
30045	5	48
30045	5	48
30046	5	48
30046	5	48
30047	5	48
30047	5	48
30048	5	48
30048	5	48
30049	5	48
30049	5	48
30050	5	48
30050	5	48
30051	5	48
30051	5	48
30052	5	48
30052	5	48
30053	5	48
30053	5	48
30054	5	48
30054	5	48
30055	5	48
30055	5	48
30056	4	46
30056	4	46
30057	4	30
30057	4	30
30058	4	30
30058	4	30
30059	4	33
30059	4	33
30060	4	33
30060	4	33
30061	4	46
30061	4	46
30062	4	46
30062	4	46
30063	4	46
30063	4	46
30064	4	46
30064	4	46
30065	4	46
30065	4	46
30066	4	46
30066	4	46
30067	4	46
30067	4	46
30068	4	46
30068	4	46
30069	4	46
30069	4	46
30070	4	46
30070	4	46
30071	4	30
30071	4	30
30072	4	66
30072	4	66
32001	2	62
32001	2	62
32003	2	63
32003	2	63
32004	2	63
32004	2	63
32005	2	63
32005	2	63
32006	2	60
32006	2	60
32007	2	60
32007	2	60
32008	2	60
32008	2	60
32009	2	60
32009	2	60
32010	2	60
32010	2	60
32011	2	60
32011	2	60
32012	2	60
32012	2	60
32013	2	60
32013	2	60
32014	2	64
32014	2	64
32016	5	12
32016	5	12
32019	2	53
32019	2	53
32020	2	62
32020	2	62
32021	2	14
32021	2	14
32022	2	9
32022	2	9
32025	2	69
32025	2	69
32026	2	68
32026	2	68
32027	2	63
32027	2	63
32028	2	63
32028	2	63
32029	2	29
32029	2	29
32030	2	63
32030	2	63
32031	2	63
32031	2	63
32032	2	63
32032	2	63
32033	2	42
32033	2	42
32034	2	10
32034	2	10
32035	2	75
32035	2	75
32036	2	11
32036	2	11
32037	2	55
32037	2	55
32038	2	68
32038	2	68
32039	2	7
32039	2	7
32040	2	64
32040	2	64
32041	5	12
32041	5	12
32042	2	60
32042	2	60
32043	2	61
32043	2	61
32044	2	63
32044	2	63
32045	2	60
32045	2	60
32046	2	63
32046	2	63
32047	2	63
32047	2	63
32048	2	64
32048	2	64
32049	2	64
32049	2	64
32050	2	60
32050	2	60
32051	2	7
32051	2	7
32052	2	64
32052	2	64
32053	2	63
32053	2	63
32054	2	64
32054	2	64
32055	5	12
32055	5	12
32056	2	23
32056	2	23
32059	2	63
32059	2	63
32060	2	63
32060	2	63
32061	2	44
32061	2	44
32062	2	62
32062	2	62
32063	2	34
32063	2	34
32064	2	34
32064	2	34
32065	2	59
32065	2	59
32066	2	62
32066	2	62
32067	2	62
32067	2	62
32068	2	44
32068	2	44
32069	5	12
32069	5	12
32070	2	64
32070	2	64
32071	2	64
32071	2	64
32072	2	64
32072	2	64
32073	2	7
32073	2	7
32074	2	7
32074	2	7
32075	2	7
32075	2	7
32076	2	7
32076	2	7
32077	2	7
32077	2	7
32078	2	61
32078	2	61
32079	2	53
32079	2	53
32080	2	26
32080	2	26
32081	5	12
32081	5	12
32083	2	7
32083	2	7
32084	2	63
32084	2	63
32085	2	63
32085	2	63
32086	2	63
32086	2	63
32087	2	60
32087	2	60
32088	2	60
32088	2	60
32089	2	60
32089	2	60
32090	2	60
32090	2	60
32091	2	60
32091	2	60
32092	2	63
32092	2	63
32093	2	63
32093	2	63
32094	2	64
32094	2	64
32095	2	63
32095	2	63
32096	5	12
32096	5	12
32097	5	12
32097	5	12
32098	2	44
32098	2	44
32099	2	62
32099	2	62
32100	2	58
32100	2	58
32101	2	58
32101	2	58
32102	2	44
32102	2	44
32103	2	16
32103	2	16
32104	2	12
32104	2	12
32105	2	23
32105	2	23
32106	2	65
32106	2	65
32107	2	14
32107	2	14
32108	2	29
32108	2	29
34001	1	56
34001	1	56
34002	1	56
34002	1	56
34003	1	56
34003	1	56
34004	1	56
34004	1	56
34005	1	56
34005	1	56
34006	1	56
34006	1	56
34007	1	56
34007	1	56
34008	1	56
34008	1	56
34009	1	56
34009	1	56
34010	1	56
34010	1	56
34011	1	56
34011	1	56
34012	1	56
34012	1	56
34013	1	56
34013	1	56
34014	1	56
34014	1	56
34015	1	56
34015	1	56
34016	1	56
34016	1	56
34018	1	56
34018	1	56
34019	1	56
34019	1	56
34020	1	56
34020	1	56
34022	1	56
34022	1	56
34024	1	56
34024	1	56
34025	1	56
34025	1	56
34026	1	56
34026	1	56
34027	1	56
34027	1	56
34028	1	56
34028	1	56
34029	1	56
34029	1	56
34030	1	56
34030	1	56
34031	1	56
34031	1	56
34032	1	56
34032	1	56
34033	1	56
34033	1	56
34034	1	56
34034	1	56
34035	1	56
34035	1	56
34036	1	56
34036	1	56
34037	1	56
34037	1	56
34038	1	56
34038	1	56
34039	1	15
34039	1	15
34040	1	56
34040	1	56
34041	1	56
34041	1	56
34042	1	56
34042	1	56
34043	1	56
34043	1	56
34044	1	56
34044	1	56
34045	1	56
34045	1	56
34046	1	56
34046	1	56
40001	5	1
40001	5	1
40002	5	49
40002	5	49
40003	2	39
40003	2	39
40004	5	36
40004	5	36
40005	2	36
40005	2	36
40006	5	36
40006	5	36
40007	5	36
40007	5	36
40008	5	36
40008	5	36
40009	5	36
40009	5	36
40011	2	39
40011	2	39
40012	5	36
40012	5	36
40013	5	36
40013	5	36
40014	2	36
40014	2	36
40015	2	39
40015	2	39
40016	5	41
40016	5	41
40017	5	36
40017	5	36
40018	2	36
40018	2	36
40019	5	36
40019	5	36
40020	5	36
40020	5	36
40021	5	36
40021	5	36
40023	5	36
40023	5	36
40024	5	36
40024	5	36
40025	5	41
40025	5	41
40026	5	36
40026	5	36
40027	2	36
40027	2	36
40028	5	36
40028	5	36
40029	5	36
40029	5	36
40031	5	49
40031	5	49
40032	3	41
40032	3	41
40033	5	41
40033	5	41
40034	5	48
40034	5	48
40037	5	36
40037	5	36
40038	5	41
40038	5	41
40039	5	41
40039	5	41
40040	5	49
40040	5	49
40041	5	36
40041	5	36
40042	5	36
40042	5	36
40043	5	36
40043	5	36
40044	5	36
40044	5	36
40046	5	1
40046	5	1
40048	5	36
40048	5	36
40049	5	41
40049	5	41
40051	5	41
40051	5	41
40053	5	48
40053	5	48
40054	5	41
40054	5	41
40055	5	41
40055	5	41
40058	5	49
40058	5	49
40059	5	36
40059	5	36
40060	5	41
40060	5	41
40061	5	41
40061	5	41
40063	5	41
40063	5	41
40065	5	49
40065	5	49
40067	5	4
40067	5	4
40068	5	41
40068	5	41
40071	5	41
40071	5	41
40073	5	36
40073	5	36
40074	5	41
40074	5	41
40075	5	41
40075	5	41
40078	5	41
40078	5	41
40079	2	39
40079	2	39
40080	5	4
40080	5	4
40081	5	4
40081	5	4
40082	5	41
40082	5	41
40084	5	36
40084	5	36
40085	5	4
40085	5	4
40086	5	41
40086	5	41
40087	5	41
40087	5	41
40088	5	1
40088	5	1
40089	5	49
40089	5	49
40090	5	41
40090	5	41
40091	5	50
40091	5	50
40092	5	36
40092	5	36
40093	5	1
40093	5	1
40094	5	41
40094	5	41
40095	5	41
40095	5	41
40097	5	41
40097	5	41
40099	5	50
40099	5	50
40100	5	49
40100	5	49
40101	5	41
40101	5	41
40102	5	41
40102	5	41
40103	5	41
40103	5	41
40104	5	41
40104	5	41
40105	5	41
40105	5	41
40106	5	41
40106	5	41
40107	5	41
40107	5	41
40108	5	41
40108	5	41
40110	5	41
40110	5	41
40112	5	41
40112	5	41
40114	5	41
40114	5	41
40115	5	50
40115	5	50
40118	5	38
40118	5	38
40119	5	41
40119	5	41
40122	5	41
40122	5	41
40124	5	41
40124	5	41
40126	5	41
40126	5	41
40127	5	41
40127	5	41
40128	5	41
40128	5	41
40129	5	41
40129	5	41
40130	5	41
40130	5	41
40131	5	41
40131	5	41
40132	5	41
40132	5	41
40133	5	41
40133	5	41
40135	5	41
40135	5	41
40136	5	41
40136	5	41
40137	5	41
40137	5	41
40138	5	41
40138	5	41
40139	5	48
40139	5	48
40140	5	49
40140	5	49
40141	5	41
40141	5	41
40142	5	41
40142	5	41
40144	5	41
40144	5	41
40145	5	41
40145	5	41
40146	5	41
40146	5	41
40147	5	41
40147	5	41
40148	5	41
40148	5	41
40149	5	41
40149	5	41
40150	5	41
40150	5	41
40152	5	41
40152	5	41
40153	5	41
40153	5	41
40154	5	41
40154	5	41
40155	5	41
40155	5	41
40156	5	41
40156	5	41
40157	5	41
40157	5	41
40159	5	41
40159	5	41
40160	5	41
40160	5	41
40161	5	49
40161	5	49
40162	5	41
40162	5	41
40163	5	41
40163	5	41
40165	5	41
40165	5	41
40166	5	41
40166	5	41
40167	5	49
40167	5	49
40168	5	41
40168	5	41
40169	5	51
40169	5	51
40170	5	41
40170	5	41
40171	5	41
40171	5	41
40172	5	41
40172	5	41
40173	5	41
40173	5	41
40174	5	41
40174	5	41
40175	5	41
40175	5	41
40176	5	41
40176	5	41
40177	5	41
40177	5	41
40179	5	19
40179	5	19
40180	5	41
40180	5	41
40181	5	41
40181	5	41
40182	5	41
40182	5	41
40183	5	41
40183	5	41
40184	5	41
40184	5	41
40185	5	41
40185	5	41
40186	5	41
40186	5	41
40187	5	41
40187	5	41
40188	5	41
40188	5	41
40191	5	41
40191	5	41
40192	5	41
40192	5	41
40193	5	50
40193	5	50
40194	5	36
40194	5	36
40195	5	36
40195	5	36
40196	5	36
40196	5	36
40197	5	1
40197	5	1
40198	5	36
40198	5	36
40199	5	41
40199	5	41
40201	5	41
40201	5	41
40202	5	36
40202	5	36
40204	5	41
40204	5	41
40205	5	41
40205	5	41
40206	5	36
40206	5	36
40207	5	41
40207	5	41
40208	5	41
40208	5	41
40209	5	41
40209	5	41
40210	5	41
40210	5	41
40212	5	41
40212	5	41
40213	5	41
40213	5	41
40214	5	41
40214	5	41
40215	5	41
40215	5	41
40217	5	41
40217	5	41
40218	5	41
40218	5	41
40219	5	41
40219	5	41
40220	5	41
40220	5	41
40224	5	41
40224	5	41
40225	5	41
40225	5	41
40226	5	41
40226	5	41
40227	5	41
40227	5	41
40228	5	41
40228	5	41
40229	5	41
40229	5	41
40230	5	41
40230	5	41
40231	5	41
40231	5	41
40232	5	41
40232	5	41
40233	5	41
40233	5	41
40234	5	41
40234	5	41
40235	5	41
40235	5	41
40236	5	41
40236	5	41
40237	5	41
40237	5	41
40238	5	41
40238	5	41
40239	5	41
40239	5	41
40240	5	41
40240	5	41
40242	5	48
40242	5	48
40244	5	41
40244	5	41
40245	5	41
40245	5	41
40246	5	41
40246	5	41
40247	5	49
40247	5	49
40248	5	41
40248	5	41
40249	5	41
40249	5	41
40250	5	41
40250	5	41
40251	5	41
40251	5	41
40252	5	41
40252	5	41
40254	5	41
40254	5	41
40255	5	49
40255	5	49
40256	5	41
40256	5	41
40257	5	41
40257	5	41
40258	5	41
40258	5	41
40259	5	41
40259	5	41
40260	5	41
40260	5	41
40261	5	41
40261	5	41
40262	5	41
40262	5	41
40263	5	41
40263	5	41
40264	5	41
40264	5	41
40265	5	41
40265	5	41
40266	5	41
40266	5	41
40267	5	41
40267	5	41
40268	5	41
40268	5	41
40269	5	41
40269	5	41
40270	5	41
40270	5	41
40271	5	41
40271	5	41
40272	5	41
40272	5	41
40274	5	36
40274	5	36
40275	5	41
40275	5	41
40277	5	36
40277	5	36
40279	5	41
40279	5	41
40281	5	36
40281	5	36
40282	5	41
40282	5	41
40283	5	36
40283	5	36
40284	5	41
40284	5	41
40285	5	41
40285	5	41
40286	5	41
40286	5	41
40287	5	41
40287	5	41
40288	5	41
40288	5	41
40289	5	22
40289	5	22
40290	5	22
40290	5	22
40291	5	22
40291	5	22
40292	5	22
40292	5	22
40293	5	22
40293	5	22
40294	5	22
40294	5	22
40295	5	22
40295	5	22
40296	5	22
40296	5	22
40297	5	22
40297	5	22
40298	5	22
40298	5	22
40299	5	22
40299	5	22
40300	5	22
40300	5	22
40301	5	22
40301	5	22
40302	5	22
40302	5	22
40303	5	22
40303	5	22
40304	5	22
40304	5	22
40305	5	22
40305	5	22
40306	5	22
40306	5	22
40307	5	22
40307	5	22
40308	5	22
40308	5	22
40310	5	22
40310	5	22
40311	5	22
40311	5	22
40312	5	22
40312	5	22
40313	5	22
40313	5	22
40314	5	22
40314	5	22
40315	5	22
40315	5	22
40316	5	22
40316	5	22
40317	5	41
40317	5	41
40318	5	41
40318	5	41
40319	5	41
40319	5	41
40320	5	36
40320	5	36
40321	5	41
40321	5	41
40322	5	41
40322	5	41
40323	5	41
40323	5	41
40324	5	1
40324	5	1
40325	5	41
40325	5	41
40326	5	41
40326	5	41
40327	5	41
40327	5	41
40328	5	41
40328	5	41
40329	5	41
40329	5	41
40330	5	50
40330	5	50
40331	5	41
40331	5	41
40332	5	41
40332	5	41
40333	5	36
40333	5	36
40334	5	41
40334	5	41
40335	5	36
40335	5	36
40337	5	36
40337	5	36
40338	5	41
40338	5	41
40339	5	1
40339	5	1
40340	5	41
40340	5	41
40341	5	41
40341	5	41
40342	5	41
40342	5	41
40343	5	22
40343	5	22
40344	5	22
40344	5	22
40346	5	41
40346	5	41
40347	5	41
40347	5	41
40348	5	41
40348	5	41
40349	5	1
40349	5	1
40351	5	41
40351	5	41
40352	5	41
40352	5	41
40353	5	41
40353	5	41
40354	5	41
40354	5	41
40355	5	49
40355	5	49
40356	5	41
40356	5	41
40357	5	41
40357	5	41
40358	5	41
40358	5	41
40359	5	41
40359	5	41
40360	5	41
40360	5	41
40362	5	1
40362	5	1
40363	5	41
40363	5	41
40364	5	41
40364	5	41
40365	5	41
40365	5	41
40366	5	41
40366	5	41
40367	5	41
40367	5	41
40368	5	41
40368	5	41
40369	5	41
40369	5	41
40370	5	41
40370	5	41
40372	5	41
40372	5	41
40373	5	41
40373	5	41
40374	5	41
40374	5	41
40375	5	48
40375	5	48
40376	5	51
40376	5	51
40377	5	41
40377	5	41
40378	5	41
40378	5	41
40379	5	41
40379	5	41
40380	5	41
40380	5	41
40381	5	41
40381	5	41
40382	5	1
40382	5	1
40383	5	41
40383	5	41
40384	5	41
40384	5	41
40385	5	41
40385	5	41
40386	5	41
40386	5	41
40387	5	41
40387	5	41
40388	5	41
40388	5	41
40389	5	41
40389	5	41
40390	5	41
40390	5	41
40391	5	41
40391	5	41
40392	5	41
40392	5	41
40393	5	41
40393	5	41
40394	5	41
40394	5	41
40395	5	41
40395	5	41
40396	5	41
40396	5	41
40397	5	41
40397	5	41
40398	5	41
40398	5	41
40399	5	41
40399	5	41
40400	5	41
40400	5	41
40401	5	41
40401	5	41
40402	5	41
40402	5	41
40403	5	41
40403	5	41
40404	5	41
40404	5	41
40405	5	41
40405	5	41
40406	5	1
40406	5	1
40407	5	41
40407	5	41
40408	5	22
40408	5	22
40409	5	41
40409	5	41
40410	5	41
40410	5	41
40411	5	41
40411	5	41
40412	5	41
40412	5	41
40414	5	41
40414	5	41
40415	5	41
40415	5	41
40416	5	1
40416	5	1
40417	5	48
40417	5	48
40418	5	1
40418	5	1
40419	5	41
40419	5	41
40420	5	41
40420	5	41
40421	5	22
40421	5	22
40422	5	41
40422	5	41
40423	5	41
40423	5	41
40424	5	41
40424	5	41
40425	5	41
40425	5	41
40426	5	41
40426	5	41
40427	5	41
40427	5	41
40428	5	41
40428	5	41
40429	5	41
40429	5	41
40430	5	1
40430	5	1
40431	5	41
40431	5	41
40433	5	48
40433	5	48
40434	5	48
40434	5	48
40437	5	48
40437	5	48
40438	5	51
40438	5	51
40439	5	37
40439	5	37
40440	5	48
40440	5	48
40443	5	48
40443	5	48
40444	5	48
40444	5	48
40445	5	48
40445	5	48
40446	5	48
40446	5	48
40447	5	48
40447	5	48
40448	1	48
40448	1	48
40449	5	51
40449	5	51
40450	5	48
40450	5	48
40451	5	48
40451	5	48
40453	5	48
40453	5	48
40454	5	48
40454	5	48
40456	5	48
40456	5	48
40457	5	38
40457	5	38
40458	5	41
40458	5	41
40459	5	41
40459	5	41
40460	5	41
40460	5	41
40461	5	41
40461	5	41
40462	5	41
40462	5	41
40463	5	41
40463	5	41
40464	5	1
40464	5	1
40465	5	1
40465	5	1
40466	5	49
40466	5	49
40467	5	41
40467	5	41
40468	5	48
40468	5	48
40469	5	6
40469	5	6
40470	5	6
40470	5	6
40471	5	6
40471	5	6
40472	5	6
40472	5	6
40473	5	6
40473	5	6
40474	5	6
40474	5	6
40475	5	41
40475	5	41
40476	5	41
40476	5	41
40477	5	41
40477	5	41
40478	5	41
40478	5	41
40479	5	41
40479	5	41
40480	5	41
40480	5	41
40481	5	1
40481	5	1
40482	5	41
40482	5	41
40483	5	41
40483	5	41
40484	5	1
40484	5	1
40485	5	1
40485	5	1
40486	5	41
40486	5	41
40487	5	41
40487	5	41
40488	5	1
40488	5	1
40490	5	41
40490	5	41
40491	5	41
40491	5	41
40492	5	41
40492	5	41
40493	5	41
40493	5	41
40494	5	41
40494	5	41
40495	5	41
40495	5	41
40496	5	41
40496	5	41
40497	5	41
40497	5	41
40498	5	41
40498	5	41
40499	5	41
40499	5	41
40500	5	41
40500	5	41
40501	5	41
40501	5	41
40502	5	41
40502	5	41
40503	5	41
40503	5	41
40504	5	41
40504	5	41
40505	5	41
40505	5	41
40506	5	41
40506	5	41
40507	5	41
40507	5	41
40508	5	41
40508	5	41
40509	5	41
40509	5	41
40510	5	49
40510	5	49
40511	5	41
40511	5	41
40512	5	41
40512	5	41
40513	5	41
40513	5	41
40514	5	41
40514	5	41
40515	5	41
40515	5	41
40516	5	41
40516	5	41
40517	5	41
40517	5	41
40518	5	41
40518	5	41
40519	5	41
40519	5	41
40520	5	41
40520	5	41
40521	5	41
40521	5	41
40522	5	41
40522	5	41
40524	5	41
40524	5	41
40525	5	36
40525	5	36
40526	5	41
40526	5	41
40527	5	41
40527	5	41
40528	5	41
40528	5	41
40529	5	1
40529	5	1
40530	5	41
40530	5	41
40532	5	41
40532	5	41
40533	5	41
40533	5	41
40534	5	41
40534	5	41
40535	5	41
40535	5	41
40536	5	49
40536	5	49
40537	5	48
40537	5	48
40538	5	41
40538	5	41
40539	5	41
40539	5	41
40540	5	41
40540	5	41
40541	5	1
40541	5	1
40542	5	41
40542	5	41
40543	5	1
40543	5	1
40544	5	41
40544	5	41
40545	5	41
40545	5	41
40546	5	41
40546	5	41
40547	5	41
40547	5	41
40548	5	41
40548	5	41
40549	5	41
40549	5	41
40550	5	41
40550	5	41
40551	5	41
40551	5	41
40552	5	41
40552	5	41
40553	5	41
40553	5	41
40554	5	41
40554	5	41
40556	5	41
40556	5	41
40557	5	41
40557	5	41
40558	5	41
40558	5	41
40559	5	1
40559	5	1
40560	5	1
40560	5	1
40561	5	41
40561	5	41
40562	5	41
40562	5	41
40563	5	41
40563	5	41
40564	5	41
40564	5	41
40565	5	49
40565	5	49
40566	5	41
40566	5	41
40567	5	41
40567	5	41
40568	5	41
40568	5	41
40569	5	41
40569	5	41
40570	5	41
40570	5	41
40571	5	41
40571	5	41
40572	5	41
40572	5	41
40573	5	41
40573	5	41
40574	5	41
40574	5	41
40575	5	52
40575	5	52
40576	5	41
40576	5	41
40577	5	41
40577	5	41
40578	5	41
40578	5	41
40579	5	41
40579	5	41
40580	5	41
40580	5	41
40581	5	52
40581	5	52
40582	5	41
40582	5	41
40583	5	41
40583	5	41
40584	5	41
40584	5	41
40586	5	41
40586	5	41
40587	5	48
40587	5	48
40588	5	41
40588	5	41
40589	5	41
40589	5	41
40590	5	41
40590	5	41
40591	5	41
40591	5	41
40592	5	41
40592	5	41
40593	5	41
40593	5	41
40594	5	41
40594	5	41
40595	5	48
40595	5	48
40596	5	49
40596	5	49
40597	5	41
40597	5	41
40598	5	41
40598	5	41
40599	5	49
40599	5	49
40600	5	49
40600	5	49
40601	5	41
40601	5	41
40602	5	41
40602	5	41
40603	5	49
40603	5	49
40604	5	41
40604	5	41
40605	5	41
40605	5	41
40606	5	36
40606	5	36
40607	5	41
40607	5	41
40608	5	41
40608	5	41
40609	5	41
40609	5	41
40610	5	41
40610	5	41
40611	5	52
40611	5	52
40612	5	41
40612	5	41
40613	5	50
40613	5	50
40614	5	41
40614	5	41
40615	5	41
40615	5	41
40616	5	36
40616	5	36
40617	5	36
40617	5	36
40618	5	41
40618	5	41
40619	5	41
40619	5	41
40620	5	41
40620	5	41
40621	5	48
40621	5	48
40622	5	41
40622	5	41
40623	5	41
40623	5	41
40624	5	41
40624	5	41
40625	5	41
40625	5	41
40626	5	41
40626	5	41
40627	5	36
40627	5	36
40628	5	36
40628	5	36
40629	5	41
40629	5	41
40630	5	41
40630	5	41
40631	5	41
40631	5	41
40632	5	41
40632	5	41
40633	5	41
40633	5	41
40634	5	22
40634	5	22
40635	5	22
40635	5	22
40636	5	41
40636	5	41
40637	5	41
40637	5	41
40638	5	41
40638	5	41
40639	5	36
40639	5	36
40640	5	41
40640	5	41
40641	5	41
40641	5	41
40642	5	41
40642	5	41
40643	5	41
40643	5	41
40644	5	41
40644	5	41
40645	5	41
40645	5	41
40646	5	41
40646	5	41
40647	5	41
40647	5	41
40648	5	41
40648	5	41
40649	5	41
40649	5	41
40650	5	41
40650	5	41
40651	5	41
40651	5	41
40652	5	50
40652	5	50
40653	5	41
40653	5	41
40654	5	41
40654	5	41
40655	5	1
40655	5	1
40656	5	41
40656	5	41
40657	5	41
40657	5	41
40658	5	41
40658	5	41
40659	5	41
40659	5	41
40660	5	41
40660	5	41
40661	5	1
40661	5	1
40662	5	48
40662	5	48
40663	5	41
40663	5	41
40664	5	41
40664	5	41
40665	5	41
40665	5	41
40666	5	41
40666	5	41
40667	5	49
40667	5	49
40668	5	41
40668	5	41
40669	5	41
40669	5	41
40670	5	41
40670	5	41
40671	5	41
40671	5	41
40672	5	41
40672	5	41
40673	5	51
40673	5	51
40674	5	41
40674	5	41
40675	5	41
40675	5	41
40676	5	41
40676	5	41
40677	5	41
40677	5	41
40678	5	41
40678	5	41
40679	5	41
40679	5	41
40680	5	48
40680	5	48
40681	5	41
40681	5	41
40682	5	41
40682	5	41
40683	5	41
40683	5	41
40684	5	41
40684	5	41
40685	5	41
40685	5	41
40686	5	1
40686	5	1
40687	5	36
40687	5	36
40688	5	41
40688	5	41
40689	5	50
40689	5	50
40690	5	41
40690	5	41
40691	5	41
40691	5	41
40692	5	41
40692	5	41
40693	5	41
40693	5	41
40694	5	52
40694	5	52
40695	5	41
40695	5	41
40696	5	41
40696	5	41
40697	5	49
40697	5	49
40698	5	36
40698	5	36
40699	5	41
40699	5	41
40700	5	41
40700	5	41
40701	5	41
40701	5	41
40702	5	51
40702	5	51
40703	5	37
40703	5	37
40704	5	41
40704	5	41
40705	5	41
40705	5	41
40706	5	41
40706	5	41
40707	5	41
40707	5	41
40708	5	50
40708	5	50
40709	5	41
40709	5	41
40710	5	52
40710	5	52
40711	5	41
40711	5	41
40712	5	41
40712	5	41
40713	5	48
40713	5	48
40714	5	41
40714	5	41
40715	5	41
40715	5	41
40716	5	41
40716	5	41
40717	5	41
40717	5	41
40718	5	41
40718	5	41
40719	5	41
40719	5	41
40720	5	41
40720	5	41
40721	5	41
40721	5	41
40722	5	41
40722	5	41
40723	5	41
40723	5	41
40724	5	41
40724	5	41
40725	5	41
40725	5	41
40726	5	41
40726	5	41
40727	5	41
40727	5	41
40728	5	41
40728	5	41
40729	5	41
40729	5	41
40730	5	41
40730	5	41
40731	5	41
40731	5	41
40732	5	41
40732	5	41
40733	5	41
40733	5	41
40734	5	41
40734	5	41
40735	5	41
40735	5	41
40736	5	36
40736	5	36
40737	5	48
40737	5	48
40738	5	41
40738	5	41
40739	5	41
40739	5	41
40740	5	41
40740	5	41
40741	5	41
40741	5	41
40742	5	41
40742	5	41
40743	5	41
40743	5	41
40744	5	41
40744	5	41
40745	5	41
40745	5	41
40746	5	41
40746	5	41
40747	5	41
40747	5	41
40748	5	41
40748	5	41
40749	5	41
40749	5	41
40750	5	41
40750	5	41
40751	5	41
40751	5	41
40752	5	41
40752	5	41
40753	5	41
40753	5	41
40754	5	41
40754	5	41
40755	5	41
40755	5	41
40756	5	41
40756	5	41
40757	5	41
40757	5	41
40758	5	41
40758	5	41
40759	5	41
40759	5	41
40760	5	41
40760	5	41
40761	5	41
40761	5	41
40762	5	41
40762	5	41
40763	5	41
40763	5	41
40764	5	41
40764	5	41
40765	5	41
40765	5	41
40766	5	41
40766	5	41
40767	5	41
40767	5	41
40768	5	41
40768	5	41
40769	5	41
40769	5	41
40770	5	48
40770	5	48
40771	5	41
40771	5	41
40772	5	41
40772	5	41
40773	5	41
40773	5	41
40774	5	41
40774	5	41
40775	5	41
40775	5	41
40776	5	41
40776	5	41
40777	5	41
40777	5	41
40778	5	41
40778	5	41
40779	5	41
40779	5	41
40780	5	41
40780	5	41
40781	5	41
40781	5	41
40783	5	41
40783	5	41
40784	5	1
40784	5	1
40785	5	1
40785	5	1
40786	5	41
40786	5	41
40787	5	48
40787	5	48
40788	5	1
40788	5	1
40789	5	36
40789	5	36
40790	5	41
40790	5	41
40791	5	41
40791	5	41
40792	5	41
40792	5	41
40794	5	41
40794	5	41
40795	5	49
40795	5	49
40796	5	48
40796	5	48
40797	5	41
40797	5	41
40798	2	17
40798	2	17
40799	5	41
40799	5	41
40800	5	41
40800	5	41
40801	5	41
40801	5	41
40802	5	41
40802	5	41
40803	5	37
40803	5	37
40804	5	41
40804	5	41
40805	5	41
40805	5	41
40806	5	41
40806	5	41
40807	5	41
40807	5	41
40808	5	41
40808	5	41
40809	5	1
40809	5	1
40810	5	41
40810	5	41
40811	5	41
40811	5	41
40812	5	41
40812	5	41
40813	5	1
40813	5	1
40814	5	41
40814	5	41
40815	5	41
40815	5	41
40816	5	41
40816	5	41
40817	5	41
40817	5	41
40818	5	1
40818	5	1
40819	5	41
40819	5	41
40820	5	49
40820	5	49
40821	5	41
40821	5	41
40822	5	52
40822	5	52
40823	5	41
40823	5	41
40824	5	41
40824	5	41
40825	5	41
40825	5	41
40826	5	41
40826	5	41
40827	5	41
40827	5	41
40828	5	41
40828	5	41
40829	5	41
40829	5	41
40830	5	41
40830	5	41
40831	5	41
40831	5	41
40832	5	41
40832	5	41
40833	5	41
40833	5	41
40834	5	41
40834	5	41
40835	5	41
40835	5	41
40836	5	41
40836	5	41
40837	5	41
40837	5	41
40838	5	41
40838	5	41
40839	5	41
40839	5	41
40840	5	41
40840	5	41
40841	5	41
40841	5	41
40842	5	41
40842	5	41
40843	5	41
40843	5	41
40844	5	41
40844	5	41
40845	5	41
40845	5	41
40846	5	41
40846	5	41
40847	5	41
40847	5	41
40848	5	48
40848	5	48
40849	5	41
40849	5	41
40850	5	41
40850	5	41
40851	5	41
40851	5	41
40852	5	49
40852	5	49
40853	5	49
40853	5	49
40854	5	41
40854	5	41
40855	5	41
40855	5	41
40856	5	41
40856	5	41
40857	5	41
40857	5	41
40858	5	41
40858	5	41
40859	5	41
40859	5	41
40860	5	41
40860	5	41
40861	5	41
40861	5	41
40862	5	41
40862	5	41
40863	5	1
40863	5	1
40864	5	1
40864	5	1
40865	5	41
40865	5	41
40866	5	41
40866	5	41
40867	5	50
40867	5	50
40868	5	41
40868	5	41
40869	5	41
40869	5	41
40870	5	41
40870	5	41
40871	5	41
40871	5	41
40872	5	41
40872	5	41
40873	5	41
40873	5	41
40874	5	41
40874	5	41
40875	5	49
40875	5	49
40876	5	48
40876	5	48
40877	5	41
40877	5	41
40878	5	41
40878	5	41
40879	5	41
40879	5	41
40880	5	41
40880	5	41
40881	5	41
40881	5	41
40882	5	41
40882	5	41
40883	5	41
40883	5	41
40884	5	41
40884	5	41
40885	5	41
40885	5	41
40886	5	41
40886	5	41
40887	5	6
40887	5	6
40888	5	41
40888	5	41
40889	5	41
40889	5	41
40890	5	41
40890	5	41
40891	5	41
40891	5	41
40892	5	41
40892	5	41
40893	5	41
40893	5	41
40894	5	37
40894	5	37
40895	5	1
40895	5	1
40896	5	1
40896	5	1
40897	5	41
40897	5	41
40898	5	41
40898	5	41
40899	5	41
40899	5	41
40900	5	41
40900	5	41
40901	5	37
40901	5	37
40902	5	48
40902	5	48
40903	5	41
40903	5	41
40904	5	37
40904	5	37
40905	5	41
40905	5	41
40906	5	49
40906	5	49
40907	5	36
40907	5	36
40908	5	36
40908	5	36
40909	5	41
40909	5	41
40910	5	52
40910	5	52
40911	5	41
40911	5	41
40912	5	41
40912	5	41
40913	5	41
40913	5	41
40914	5	36
40914	5	36
40915	5	41
40915	5	41
40916	5	37
40916	5	37
40917	5	49
40917	5	49
40918	5	41
40918	5	41
40919	5	41
40919	5	41
40920	5	1
40920	5	1
40921	5	36
40921	5	36
40922	5	1
40922	5	1
40923	5	37
40923	5	37
40924	5	49
40924	5	49
40925	5	36
40925	5	36
40926	5	36
40926	5	36
40927	5	36
40927	5	36
40928	5	36
40928	5	36
40929	5	36
40929	5	36
40930	5	41
40930	5	41
40931	5	48
40931	5	48
40932	5	41
40932	5	41
40933	5	41
40933	5	41
40934	5	1
40934	5	1
40935	5	1
40935	5	1
40936	5	41
40936	5	41
40937	5	41
40937	5	41
40938	5	41
40938	5	41
40939	5	41
40939	5	41
40940	5	41
40940	5	41
40941	5	41
40941	5	41
40942	5	41
40942	5	41
40943	5	48
40943	5	48
40944	5	41
40944	5	41
40945	5	41
40945	5	41
40946	5	41
40946	5	41
40947	5	41
40947	5	41
40948	5	41
40948	5	41
40949	5	41
40949	5	41
40950	5	1
40950	5	1
40951	5	41
40951	5	41
40952	5	41
40952	5	41
40953	5	52
40953	5	52
40954	5	41
40954	5	41
40955	5	36
40955	5	36
40956	5	41
40956	5	41
40957	5	41
40957	5	41
40958	5	49
40958	5	49
40959	5	41
40959	5	41
40960	5	49
40960	5	49
40961	5	36
40961	5	36
40962	5	36
40962	5	36
40963	5	36
40963	5	36
40964	5	41
40964	5	41
40965	5	1
40965	5	1
40966	5	41
40966	5	41
40967	5	36
40967	5	36
40968	5	36
40968	5	36
40969	5	49
40969	5	49
40970	5	36
40970	5	36
40971	5	41
40971	5	41
40972	5	41
40972	5	41
40973	5	49
40973	5	49
40974	5	49
40974	5	49
40975	5	36
40975	5	36
40976	5	36
40976	5	36
40977	5	36
40977	5	36
40978	5	1
40978	5	1
40979	5	36
40979	5	36
40980	5	41
40980	5	41
40981	5	41
40981	5	41
40982	5	41
40982	5	41
40983	5	36
40983	5	36
40984	5	41
40984	5	41
40985	5	1
40985	5	1
40986	5	41
40986	5	41
40987	5	49
40987	5	49
40988	5	41
40988	5	41
40989	5	41
40989	5	41
40990	5	41
40990	5	41
40991	5	41
40991	5	41
40992	5	41
40992	5	41
40993	5	41
40993	5	41
40994	5	41
40994	5	41
40995	5	41
40995	5	41
40996	5	41
40996	5	41
40997	5	1
40997	5	1
40998	5	49
40998	5	49
40999	5	41
40999	5	41
41000	5	41
41000	5	41
41001	5	41
41001	5	41
41002	5	41
41002	5	41
41003	5	41
41003	5	41
41004	5	49
41004	5	49
41005	5	41
41005	5	41
41006	5	1
41006	5	1
41007	5	41
41007	5	41
41008	1	18
41008	1	18
41009	5	41
41009	5	41
41010	5	41
41010	5	41
41011	5	41
41011	5	41
41012	5	41
41012	5	41
41013	5	41
41013	5	41
41014	5	41
41014	5	41
41015	5	1
41015	5	1
41016	5	41
41016	5	41
41017	5	41
41017	5	41
41018	5	41
41018	5	41
41019	5	41
41019	5	41
41020	5	41
41020	5	41
41021	5	50
41021	5	50
41022	5	52
41022	5	52
41023	5	51
41023	5	51
41024	5	41
41024	5	41
41025	5	1
41025	5	1
41026	5	48
41026	5	48
41027	5	41
41027	5	41
41028	5	41
41028	5	41
41029	5	48
41029	5	48
41030	5	41
41030	5	41
41031	5	41
41031	5	41
41032	5	41
41032	5	41
41033	5	41
41033	5	41
41034	5	41
41034	5	41
41035	5	41
41035	5	41
41036	5	1
41036	5	1
41037	5	51
41037	5	51
41038	5	51
41038	5	51
41039	5	1
41039	5	1
41040	5	41
41040	5	41
41041	5	36
41041	5	36
41042	5	51
41042	5	51
41043	5	36
41043	5	36
41044	5	17
41044	5	17
41045	5	37
41045	5	37
41046	5	37
41046	5	37
41047	5	41
41047	5	41
41048	5	51
41048	5	51
41049	5	41
41049	5	41
41050	5	3
41050	5	3
41051	5	4
41051	5	4
41053	5	41
41053	5	41
41054	5	37
41054	5	37
41055	5	17
41055	5	17
41056	5	37
41056	5	37
41057	5	41
41057	5	41
41058	5	37
41058	5	37
41059	5	41
41059	5	41
41060	5	40
41060	5	40
41061	5	40
41061	5	40
41070	5	41
41070	5	41
41071	5	41
41071	5	41
41072	5	51
41072	5	51
45004	3	51
45004	3	51
45005	3	51
45005	3	51
45006	3	8
45006	3	8
45007	1	17
45007	1	17
45008	3	8
45008	3	8
45009	3	8
45009	3	8
45010	3	8
45010	3	8
45011	3	8
45011	3	8
45012	3	8
45012	3	8
45013	3	8
45013	3	8
45014	3	8
45014	3	8
45015	3	8
45015	3	8
45016	3	8
45016	3	8
45017	3	8
45017	3	8
45018	3	8
45018	3	8
45019	3	8
45019	3	8
45020	3	32
45020	3	32
45021	3	32
45021	3	32
45022	3	8
45022	3	8
45023	3	8
45023	3	8
45024	3	32
45024	3	32
45025	3	32
45025	3	32
45026	3	8
45026	3	8
45027	3	8
45027	3	8
45028	3	8
45028	3	8
45029	3	8
45029	3	8
45030	3	8
45030	3	8
45031	3	8
45031	3	8
45033	3	32
45033	3	32
45038	3	8
45038	3	8
45039	3	8
45039	3	8
45040	3	8
45040	3	8
45041	3	8
45041	3	8
45042	3	8
45042	3	8
45043	3	8
45043	3	8
45044	3	8
45044	3	8
45045	3	8
45045	3	8
45053	3	73
45053	3	73
45054	1	47
45054	1	47
45055	4	47
45055	4	47
45056	3	32
45056	3	32
45057	3	32
45057	3	32
45058	3	8
45058	3	8
45062	1	13
45062	1	13
45063	1	13
45063	1	13
45064	1	13
45064	1	13
45065	1	13
45065	1	13
45066	1	57
45066	1	57
45067	1	13
45067	1	13
45068	1	13
45068	1	13
45069	1	13
45069	1	13
45070	1	13
45070	1	13
45071	1	13
45071	1	13
45072	1	13
45072	1	13
45073	1	13
45073	1	13
45074	1	13
45074	1	13
45079	3	32
45079	3	32
45080	3	38
45080	3	38
45081	3	8
45081	3	8
45082	3	8
45082	3	8
45084	5	37
45084	5	37
45086	3	21
45086	3	21
45090	3	8
45090	3	8
45091	3	8
45091	3	8
45092	3	8
45092	3	8
45093	3	8
45093	3	8
45094	3	8
45094	3	8
45095	3	8
45095	3	8
45097	3	8
45097	3	8
45098	3	8
45098	3	8
45099	3	8
45099	3	8
45100	3	8
45100	3	8
45102	3	8
45102	3	8
45103	3	8
45103	3	8
45105	3	8
45105	3	8
45106	3	8
45106	3	8
45107	3	8
45107	3	8
45108	3	8
45108	3	8
45109	3	32
45109	3	32
45110	3	8
45110	3	8
45111	3	8
45111	3	8
45112	3	8
45112	3	8
45113	3	8
45113	3	8
45115	3	8
45115	3	8
45117	3	8
45117	3	8
45119	3	8
45119	3	8
45120	3	8
45120	3	8
45122	3	8
45122	3	8
45125	3	8
45125	3	8
45126	3	8
45126	3	8
45127	3	8
45127	3	8
45128	3	8
45128	3	8
45129	3	8
45129	3	8
45130	3	8
45130	3	8
45131	3	8
45131	3	8
45132	3	8
45132	3	8
45133	3	8
45133	3	8
45134	3	8
45134	3	8
45135	3	8
45135	3	8
45136	3	8
45136	3	8
45139	3	8
45139	3	8
45140	3	8
45140	3	8
45141	3	8
45141	3	8
45142	3	8
45142	3	8
45143	3	8
45143	3	8
45144	3	8
45144	3	8
45145	3	8
45145	3	8
45146	3	8
45146	3	8
45147	3	8
45147	3	8
45148	3	8
45148	3	8
45149	3	8
45149	3	8
45150	3	8
45150	3	8
45151	3	8
45151	3	8
45153	3	8
45153	3	8
45154	3	8
45154	3	8
45155	3	8
45155	3	8
45156	3	8
45156	3	8
45157	3	8
45157	3	8
45158	3	8
45158	3	8
45159	3	8
45159	3	8
45161	3	8
45161	3	8
45162	3	8
45162	3	8
45163	3	32
45163	3	32
45165	3	8
45165	3	8
45166	3	32
45166	3	32
45168	5	19
45168	5	19
45169	3	21
45169	3	21
45170	3	21
45170	3	21
45171	3	32
45171	3	32
45172	3	32
45172	3	32
45173	3	8
45173	3	8
45174	3	8
45174	3	8
45176	3	21
45176	3	21
45177	3	8
45177	3	8
45178	3	8
45178	3	8
45179	3	8
45179	3	8
45180	3	21
45180	3	21
45181	3	8
45181	3	8
45182	3	8
45182	3	8
45183	3	8
45183	3	8
45184	3	21
45184	3	21
45185	3	47
45185	3	47
45186	1	73
45186	1	73
45187	3	32
45187	3	32
45188	3	32
45188	3	32
45189	3	32
45189	3	32
45190	3	32
45190	3	32
45191	3	32
45191	3	32
45192	3	47
45192	3	47
45193	3	47
45193	3	47
45194	3	32
45194	3	32
45195	1	73
45195	1	73
45196	5	37
45196	5	37
45197	5	48
45197	5	48
45198	5	37
45198	5	37
45199	5	37
45199	5	37
45200	3	32
45200	3	32
45201	5	19
45201	5	19
45202	5	19
45202	5	19
45203	3	21
45203	3	21
45204	3	21
45204	3	21
45205	3	8
45205	3	8
45206	3	8
45206	3	8
45207	3	21
45207	3	21
45208	3	21
45208	3	21
45209	3	21
45209	3	21
45210	3	21
45210	3	21
45211	3	21
45211	3	21
45212	1	47
45212	1	47
45213	1	72
45213	1	72
45214	1	72
45214	1	72
45215	1	72
45215	1	72
45216	1	47
45216	1	47
45217	1	47
45217	1	47
45218	1	57
45218	1	57
45219	5	19
45219	5	19
45220	3	47
45220	3	47
45221	3	21
45221	3	21
45222	3	21
45222	3	21
45223	1	47
45223	1	47
45224	1	47
45224	1	47
45225	3	8
45225	3	8
45226	3	8
45226	3	8
45227	3	8
45227	3	8
45228	3	8
45228	3	8
45229	5	19
45229	5	19
45230	3	21
45230	3	21
45231	3	21
45231	3	21
45232	3	8
45232	3	8
45233	3	21
45233	3	21
45234	3	21
45234	3	21
45235	3	8
45235	3	8
45236	3	21
45236	3	21
45237	3	21
45237	3	21
45238	3	21
45238	3	21
45239	1	73
45239	1	73
45240	3	21
45240	3	21
45241	3	8
45241	3	8
45242	3	21
45242	3	21
45243	3	8
45243	3	8
45244	3	32
45244	3	32
45245	3	21
45245	3	21
45246	3	8
45246	3	8
45247	3	8
45247	3	8
45248	3	21
45248	3	21
45249	1	17
45249	1	17
45250	1	17
45250	1	17
45251	1	17
45251	1	17
45252	3	8
45252	3	8
45253	3	8
45253	3	8
45254	3	21
45254	3	21
45255	1	21
45255	1	21
45256	1	47
45256	1	47
45257	3	21
45257	3	21
45258	3	21
45258	3	21
45259	3	21
45259	3	21
45260	1	21
45260	1	21
45261	3	21
45261	3	21
45262	3	21
45262	3	21
45263	3	21
45263	3	21
45264	3	8
45264	3	8
45269	3	3
45269	3	3
45270	3	51
45270	3	51
50001	1	5
50001	1	5
50002	1	5
50002	1	5
50003	1	5
50003	1	5
50004	1	5
50004	1	5
50005	1	5
50005	1	5
50006	1	5
50006	1	5
50007	1	5
50007	1	5
50008	1	5
50008	1	5
50009	1	5
50009	1	5
50010	1	5
50010	1	5
50011	1	5
50011	1	5
50013	1	5
50013	1	5
50014	1	5
50014	1	5
50015	1	5
50015	1	5
50016	1	5
50016	1	5
50018	1	5
50018	1	5
50019	1	5
50019	1	5
50020	1	5
50020	1	5
50021	1	5
50021	1	5
50022	1	5
50022	1	5
50023	1	5
50023	1	5
50024	1	5
50024	1	5
50025	1	5
50025	1	5
50027	1	5
50027	1	5
50028	1	5
50028	1	5
50029	1	5
50029	1	5
50030	1	5
50030	1	5
50031	1	5
50031	1	5
50032	1	5
50032	1	5
50033	1	5
50033	1	5
50034	1	5
50034	1	5
50035	1	5
50035	1	5
50036	1	5
50036	1	5
50037	1	5
50037	1	5
50038	1	5
50038	1	5
50039	1	5
50039	1	5
50040	1	5
50040	1	5
50041	1	5
50041	1	5
50042	1	5
50042	1	5
50043	1	5
50043	1	5
50044	1	5
50044	1	5
50045	1	5
50045	1	5
50046	1	5
50046	1	5
50047	1	5
50047	1	5
50048	1	5
50048	1	5
50049	1	5
50049	1	5
50050	1	5
50050	1	5
50051	1	5
50051	1	5
50052	1	5
50052	1	5
50053	1	5
50053	1	5
50054	1	5
50054	1	5
50055	1	5
50055	1	5
50056	1	5
50056	1	5
50057	1	5
50057	1	5
50058	1	5
50058	1	5
50059	1	5
50059	1	5
50060	1	5
50060	1	5
50061	1	5
50061	1	5
50062	1	5
50062	1	5
50063	1	5
50063	1	5
50064	1	5
50064	1	5
50065	1	5
50065	1	5
50066	1	5
50066	1	5
50067	1	5
50067	1	5
50068	1	5
50068	1	5
50069	1	5
50069	1	5
50070	1	5
50070	1	5
50071	1	5
50071	1	5
50072	1	5
50072	1	5
50073	1	5
50073	1	5
50074	1	5
50074	1	5
50075	1	5
50075	1	5
50076	1	5
50076	1	5
50077	1	5
50077	1	5
50078	1	5
50078	1	5
50079	1	5
50079	1	5
50080	1	5
50080	1	5
50081	1	5
50081	1	5
50082	1	5
50082	1	5
50083	1	5
50083	1	5
50084	1	5
50084	1	5
50085	1	5
50085	1	5
50086	1	5
50086	1	5
50087	1	5
50087	1	5
50088	1	5
50088	1	5
50089	1	5
50089	1	5
50090	1	5
50090	1	5
50091	1	5
50091	1	5
50092	1	5
50092	1	5
50093	1	5
50093	1	5
50094	1	5
50094	1	5
50095	1	5
50095	1	5
50096	1	5
50096	1	5
50097	1	5
50097	1	5
50098	1	5
50098	1	5
50099	1	5
50099	1	5
50100	1	5
50100	1	5
50101	1	5
50101	1	5
50102	1	5
50102	1	5
50103	1	5
50103	1	5
50104	1	5
50104	1	5
50105	1	5
50105	1	5
50106	1	5
50106	1	5
50107	1	5
50107	1	5
50108	1	5
50108	1	5
50109	1	5
50109	1	5
50110	1	5
50110	1	5
50111	1	5
50111	1	5
50112	1	5
50112	1	5
50113	1	5
50113	1	5
50114	1	5
50114	1	5
50115	1	5
50115	1	5
50116	4	24
50116	4	24
50117	1	5
50117	1	5
50118	1	5
50118	1	5
50119	1	5
50119	1	5
50120	1	5
50120	1	5
500001	4	37
500002	3	51
500002	4	37
500003	3	51
500003	3	51
500004	3	8
500004	3	8
500005	1	17
500005	1	17
500006	3	8
500006	3	8
500007	3	8
500007	3	8
500008	3	8
500008	3	8
500009	3	8
500009	3	8
500010	3	8
500010	3	8
500011	3	8
500011	3	8
500012	3	8
500012	3	8
500013	3	8
500013	3	8
500014	3	8
500014	3	8
500015	3	8
500015	3	8
500016	3	8
500016	3	8
500017	3	8
500017	3	8
500018	3	32
500018	3	32
500019	3	32
500019	3	32
500020	3	8
500020	3	8
500021	3	8
500021	3	8
500022	3	32
500022	3	32
500023	3	32
500023	3	32
500024	3	8
500024	3	8
500025	3	8
500025	3	8
500026	3	8
500026	3	8
500027	3	8
500027	3	8
500028	3	8
500028	3	8
500029	3	8
500029	3	8
500030	3	32
500030	3	32
500031	3	8
500031	3	8
500032	3	8
500032	3	8
500033	3	8
500033	3	8
500034	3	8
500034	3	8
500035	3	8
500035	3	8
500036	3	8
500036	3	8
500037	3	8
500037	3	8
500038	3	8
500038	3	8
500039	3	73
500039	3	73
500040	1	47
500040	1	47
500041	4	47
500041	4	47
500042	3	32
500042	3	32
500043	3	32
500043	3	32
500044	3	8
500044	3	8
500045	1	13
500045	1	13
500046	1	13
500046	1	13
500047	1	13
500047	1	13
500048	1	13
500048	1	13
500049	1	57
500049	1	57
500050	1	13
500050	1	13
500051	1	13
500051	1	13
500052	1	13
500052	1	13
500053	1	13
500053	1	13
500054	1	13
500054	1	13
500055	1	13
500055	1	13
500056	1	13
500056	1	13
500057	1	13
500057	1	13
500058	3	32
500058	3	32
500059	3	38
500059	3	38
500060	3	8
500060	3	8
500061	3	8
500061	3	8
500062	5	37
500062	5	37
500063	3	21
500063	3	21
500064	3	8
500064	3	8
500065	3	8
500065	3	8
500066	3	8
500066	3	8
500067	3	8
500067	3	8
500068	3	8
500068	3	8
500069	3	8
500069	3	8
500070	3	8
500070	3	8
500071	3	8
500071	3	8
500072	3	8
500072	3	8
500073	3	8
500073	3	8
500074	3	8
500074	3	8
500075	3	8
500075	3	8
500076	3	8
500076	3	8
500077	3	8
500077	3	8
500078	3	8
500078	3	8
500079	3	8
500079	3	8
500080	3	32
500080	3	32
500081	3	8
500081	3	8
500082	3	8
500082	3	8
500083	3	8
500083	3	8
500084	3	8
500084	3	8
500085	3	8
500085	3	8
500086	3	8
500086	3	8
500087	3	8
500087	3	8
500088	3	8
500088	3	8
500089	3	8
500089	3	8
500090	3	8
500090	3	8
500091	3	8
500091	3	8
500092	3	8
500092	3	8
500093	3	51
500093	3	51
500094	3	51
500094	3	51
500095	3	51
500095	3	51
500096	3	51
500096	3	51
500097	3	51
500097	3	51
500098	3	8
500098	3	8
500099	1	17
500099	1	17
500100	3	8
500100	3	8
500101	3	8
500101	3	8
500102	3	8
500102	3	8
500103	3	8
500103	3	8
500104	3	8
500104	3	8
500105	3	8
500105	3	8
500106	3	8
500106	3	8
500107	3	8
500107	3	8
500108	3	8
500108	3	8
500109	3	8
500109	3	8
500110	3	8
500110	3	8
500111	3	8
500111	3	8
500112	3	32
500112	3	32
500113	3	32
500113	3	32
500114	3	8
500114	3	8
500115	3	8
500115	3	8
500116	3	32
500116	3	32
500117	3	32
500117	3	32
500118	3	8
500118	3	8
500119	3	8
500119	3	8
500120	3	8
500120	3	8
500121	3	8
500121	3	8
500122	3	8
500122	3	8
500123	3	8
500123	3	8
500124	3	32
500124	3	32
500125	3	8
500125	3	8
500126	3	8
500126	3	8
500127	3	8
500127	3	8
500128	3	8
500128	3	8
500129	3	8
500129	3	8
500130	3	8
500130	3	8
500131	3	8
500131	3	8
500132	3	8
500132	3	8
500133	3	73
500133	3	73
500134	1	47
500134	1	47
500135	4	47
500135	4	47
500136	3	32
500136	3	32
500137	3	32
500137	3	32
500138	3	8
500138	3	8
500139	1	13
500139	1	13
500140	1	13
500140	1	13
500141	1	13
500141	1	13
500142	1	13
500142	1	13
500143	1	57
500143	1	57
500144	1	13
500144	1	13
500145	1	13
500145	1	13
500146	1	13
500146	1	13
500147	1	13
500147	1	13
500148	1	13
500148	1	13
500149	1	13
500149	1	13
500150	1	13
500150	1	13
500151	1	13
500151	1	13
500152	3	32
500152	3	32
500153	3	38
500153	3	38
500154	3	8
500154	3	8
500155	3	8
500155	3	8
500156	5	37
500156	5	37
500157	3	21
500157	3	21
500158	3	8
500158	3	8
500159	3	8
500159	3	8
500160	3	8
500160	3	8
500161	3	8
500161	3	8
500162	3	8
500162	3	8
500163	3	8
500163	3	8
500164	3	8
500164	3	8
500165	3	8
500165	3	8
500166	3	8
500166	3	8
500167	3	8
500167	3	8
500168	3	8
500168	3	8
500169	3	8
500169	3	8
500170	3	8
500170	3	8
500171	3	8
500171	3	8
500172	3	8
500172	3	8
500173	3	8
500173	3	8
500174	3	32
500174	3	32
500175	3	8
500175	3	8
500176	3	8
500176	3	8
500177	3	8
500177	3	8
500178	3	8
500178	3	8
500179	3	8
500179	3	8
500180	3	8
500180	3	8
500181	3	8
500181	3	8
500182	3	8
500182	3	8
500183	3	8
500183	3	8
500184	3	8
500184	3	8
500185	3	8
500185	3	8
500186	3	8
500186	3	8
500187	3	8
500187	3	8
500188	3	8
500188	3	8
500189	3	8
500189	3	8
500190	3	8
500190	3	8
500191	3	8
500191	3	8
500192	3	8
500192	3	8
500193	3	8
500193	3	8
500194	3	8
500194	3	8
500195	3	8
500195	3	8
500196	3	8
500196	3	8
500197	3	8
500197	3	8
500198	3	8
500198	3	8
500199	3	8
500199	3	8
500200	3	8
500200	3	8
500201	3	8
500201	3	8
500202	3	8
500202	3	8
500203	3	8
500203	3	8
500204	3	8
500204	3	8
500205	3	8
500205	3	8
500206	3	8
500206	3	8
500207	3	8
500207	3	8
500208	3	8
500208	3	8
500209	3	8
500209	3	8
500210	3	8
500210	3	8
500211	3	8
500211	3	8
500212	3	8
500212	3	8
500213	3	8
500213	3	8
500214	3	8
500214	3	8
500215	3	8
500215	3	8
500216	3	8
500216	3	8
500217	3	8
500217	3	8
500218	3	32
500218	3	32
500219	3	8
500219	3	8
500220	3	32
500220	3	32
500221	5	19
500221	5	19
500222	3	21
500222	3	21
500223	3	21
500223	3	21
500224	3	32
500224	3	32
500225	3	32
500225	3	32
500226	3	8
500226	3	8
500227	3	8
500227	3	8
500228	3	21
500228	3	21
500229	3	8
500229	3	8
500230	3	8
500230	3	8
500231	3	8
500231	3	8
500232	3	21
500232	3	21
500233	3	8
500233	3	8
500234	3	8
500234	3	8
500235	3	8
500235	3	8
500236	3	21
500236	3	21
500237	3	47
500237	3	47
500238	1	73
500238	1	73
500239	3	32
500239	3	32
500240	3	32
500240	3	32
500241	3	32
500241	3	32
500242	3	32
500242	3	32
500243	3	32
500243	3	32
500244	3	47
500244	3	47
500245	3	47
500245	3	47
500246	3	32
500246	3	32
500247	1	73
500247	1	73
500248	5	48
500248	5	48
500249	5	37
500249	5	37
500250	5	37
500250	5	37
500251	3	32
500251	3	32
500252	5	19
500252	5	19
500253	5	19
500253	5	19
500254	3	21
500254	3	21
500255	3	21
500255	3	21
500256	3	8
500256	3	8
500257	3	8
500257	3	8
500258	3	8
500258	3	8
500259	3	21
500259	3	21
500260	3	21
500260	3	21
500261	3	21
500261	3	21
500262	3	21
500262	3	21
500263	3	47
500263	3	47
500264	1	72
500264	1	72
500265	1	72
500265	1	72
500266	1	72
500266	1	72
500267	1	47
500267	1	47
500268	1	47
500268	1	47
500269	1	57
500269	1	57
500270	5	19
500270	5	19
500271	3	47
500271	3	47
500272	3	21
500272	3	21
500273	3	21
500273	3	21
500274	1	47
500274	1	47
500275	1	47
500275	1	47
500276	3	8
500276	3	8
500277	3	8
500277	3	8
500278	3	8
500278	3	8
500279	3	8
500279	3	8
500280	5	19
500280	5	19
500281	3	8
500281	3	8
500282	3	8
500282	3	8
500283	3	8
500283	3	8
500284	3	21
500284	3	21
500285	3	21
500285	3	21
500286	3	8
500286	3	8
500287	3	21
500287	3	21
500288	3	21
500288	3	21
500289	3	21
500289	3	21
500290	1	73
500290	1	73
500291	3	21
500291	3	21
500292	3	8
500292	3	8
500293	3	21
500293	3	21
500294	3	8
500294	3	8
500295	3	32
500295	3	32
500296	3	21
500296	3	21
500297	3	8
500297	3	8
500298	3	8
500298	3	8
500299	3	21
500299	3	21
500300	1	17
500300	1	17
500301	1	17
500301	1	17
500302	1	17
500302	1	17
500303	3	8
500303	3	8
500304	3	8
500304	3	8
500305	3	21
500305	3	21
500306	1	21
500306	1	21
500307	1	47
500307	1	47
500308	3	21
500308	3	21
500309	3	21
500309	3	21
500310	3	8
500310	3	8
500311	1	21
500311	1	21
500312	3	21
500312	3	21
500313	3	21
500313	3	21
500314	3	21
500314	3	21
500315	3	8
500315	3	8
500316	1	73
500316	1	73
500317	4	28
500317	4	28
500318	1	23
500318	1	23
500319	1	8
500319	1	8
500320	3	3
500320	3	3
500321	3	51
500321	3	51
500322	3	51
500322	3	51
500323	3	51
500323	3	51
500324	3	51
500324	3	51
500325	3	21
500325	3	21
500326	3	21
500326	3	21
500327	3	21
500327	3	21
500328	3	18
500328	3	18
500329	3	21
500329	3	21
500330	3	21
500330	3	21
500331	1	8
500331	1	8
500332	1	8
500332	1	8
500333	3	8
500333	3	8
500334	3	21
500334	3	21
500335	3	21
500335	3	21
500336	1	57
500336	1	57
500337	1	57
500337	1	57
500338	3	21
500338	3	21
500339	3	21
500339	3	21
500340	3	32
500340	3	32
500341	2	8
500341	2	8
500342	2	32
500342	2	32
500343	2	8
500343	2	8
500344	5	3
500344	5	3
500345	3	21
500345	3	21
500346	3	8
500346	3	8
500347	3	8
500347	3	8
500348	1	37
500348	1	37
500349	3	21
500349	3	21
500350	1	21
500350	1	21
500351	3	8
500351	3	8
500352	3	8
500352	3	8
500353	3	73
500353	3	73
500354	3	18
500354	3	18
500355	3	8
500355	3	8
500356	3	21
500356	3	21
500357	3	21
500357	3	21
500358	3	8
500358	3	8
500359	3	8
500359	3	8
500360	3	8
500360	3	8
500361	3	8
500361	3	8
500362	3	8
500362	3	8
500363	3	8
500363	3	8
500364	3	8
500364	3	8
500365	3	8
500365	3	8
500366	3	8
500366	3	8
500367	3	8
500367	3	8
500368	3	8
500368	3	8
500369	3	32
500369	3	32
500370	3	21
500370	3	21
500371	1	56
500371	1	56
500372	1	27
500372	1	27
500373	3	21
500373	3	21
500374	3	21
500374	3	21
500375	3	21
500375	3	21
500376	5	3
500376	5	3
500377	1	8
500377	1	8
500378	3	18
500378	3	18
500379	3	8
500379	3	8
500380	3	8
500380	3	8
500381	3	8
500381	3	8
500382	3	8
500382	3	8
500383	3	8
500383	3	8
500384	3	8
500384	3	8
500385	3	8
500385	3	8
500386	3	8
500386	3	8
500387	4	18
500387	4	18
500388	4	18
500388	4	18
500389	1	18
500389	1	18
500390	3	21
500390	3	21
500391	3	8
500391	3	8
500392	3	21
500392	3	21
500393	3	8
500393	3	8
500394	3	8
500394	3	8
500395	3	8
500395	3	8
500396	3	8
500396	3	8
500397	3	8
500397	3	8
500398	5	32
500398	5	32
500399	4	18
500399	4	18
500400	5	6
500400	5	6
500401	3	8
500401	3	8
500402	3	8
500402	3	8
500403	3	8
500403	3	8
500404	3	8
500404	3	8
500405	3	8
500405	3	8
500406	3	8
500406	3	8
500407	3	8
500407	3	8
500408	3	8
500408	3	8
500409	3	8
500409	3	8
500410	3	8
500410	3	8
500411	3	8
500411	3	8
500412	3	2
500412	3	2
500413	3	2
500413	3	2
500414	3	21
500414	3	21
500415	3	21
500415	3	21
500416	3	21
500416	3	21
500417	3	8
500417	3	8
500418	3	32
500418	3	32
500419	4	32
500419	4	32
500420	3	21
500420	3	21
500421	3	21
500421	3	21
500422	1	18
500422	1	18
500423	3	8
500423	3	8
500424	3	8
500424	3	8
500425	3	8
500425	3	8
500426	3	8
500426	3	8
500427	3	8
500427	3	8
500428	3	8
500428	3	8
500429	3	8
500429	3	8
500430	3	8
500430	3	8
500431	3	8
500431	3	8
500432	3	8
500432	3	8
500433	3	8
500433	3	8
500434	3	8
500434	3	8
500435	3	8
500435	3	8
500436	3	8
500436	3	8
500437	3	8
500437	3	8
500438	5	19
500438	5	19
500439	1	25
500439	1	25
500440	1	18
500440	1	18
500441	3	21
500441	3	21
500442	3	38
500442	3	38
500443	3	8
500443	3	8
500444	3	8
500444	3	8
500445	3	8
500445	3	8
500446	3	8
500446	3	8
500447	3	8
500447	3	8
500448	3	8
500448	3	8
500449	3	8
500449	3	8
500450	3	8
500450	3	8
500451	3	8
500451	3	8
500452	3	8
500452	3	8
500453	3	8
500453	3	8
500454	3	8
500454	3	8
500455	3	8
500455	3	8
500456	3	8
500456	3	8
500457	3	8
500457	3	8
500458	3	8
500458	3	8
500459	3	32
500459	3	32
500460	3	21
500460	3	21
500461	3	21
500461	3	21
500462	3	8
500462	3	8
500463	3	21
500463	3	21
500464	3	21
500464	3	21
500465	3	21
500465	3	21
500466	3	8
500466	3	8
500467	3	8
500467	3	8
500468	3	8
500468	3	8
500469	3	8
500469	3	8
500470	3	8
500470	3	8
500471	3	8
500471	3	8
500472	3	8
500472	3	8
500473	3	8
500473	3	8
500474	3	8
500474	3	8
500475	3	8
500475	3	8
500476	3	8
500476	3	8
500477	3	8
500477	3	8
500478	3	8
500478	3	8
500479	3	8
500479	3	8
500480	3	21
500480	3	21
500481	3	21
500481	3	21
500482	1	18
500482	1	18
500483	3	21
500483	3	21
500484	1	32
500484	1	32
500485	1	19
500485	1	19
500486	1	25
500486	1	25
500487	1	8
500487	1	8
500488	1	21
500488	1	21
500489	3	21
500489	3	21
500490	3	8
500490	3	8
500491	3	8
500491	3	8
500492	3	8
500492	3	8
500493	3	8
500493	3	8
500494	3	8
500494	3	8
500495	3	8
500495	3	8
500496	3	8
500496	3	8
500497	3	8
500497	3	8
500498	3	8
500498	3	8
500499	3	8
500499	3	8
500500	3	8
500500	3	8
500501	3	8
500501	3	8
500502	3	8
500502	3	8
500503	3	8
500503	3	8
500504	3	8
500504	3	8
500505	3	8
500505	3	8
500506	3	8
500506	3	8
500507	3	8
500507	3	8
500508	3	8
500508	3	8
500509	3	8
500509	3	8
500510	3	8
500510	3	8
500511	3	8
500511	3	8
500512	3	8
500512	3	8
500513	3	8
500513	3	8
500514	3	8
500514	3	8
500515	3	32
500515	3	32
500516	3	32
500516	3	32
500517	1	25
500517	1	25
500518	1	8
500518	1	8
500519	1	8
500519	1	8
500520	1	8
500520	1	8
500521	1	8
500521	1	8
500522	1	8
500522	1	8
500523	1	8
500523	1	8
500524	1	8
500524	1	8
500525	1	8
500525	1	8
500526	1	8
500526	1	8
500527	1	8
500527	1	8
500528	3	8
500528	3	8
500529	5	3
500529	5	3
500530	3	47
500530	3	47
500531	3	47
500531	3	47
500532	1	18
500532	1	18
500533	1	18
500533	1	18
500534	5	3
500534	5	3
500535	1	8
500535	1	8
500536	1	8
500536	1	8
500537	1	8
500537	1	8
500538	1	8
500538	1	8
500539	1	8
500539	1	8
500540	1	8
500540	1	8
500541	1	8
500541	1	8
500542	1	8
500542	1	8
500543	3	8
500543	3	8
500544	1	8
500544	1	8
500545	5	21
500545	5	21
500546	5	21
500546	5	21
500547	3	21
500547	3	21
500548	3	8
500548	3	8
500549	3	8
500549	3	8
500550	3	8
500550	3	8
500551	3	8
500551	3	8
500552	3	8
500552	3	8
500553	3	8
500553	3	8
500554	3	8
500554	3	8
500555	3	8
500555	3	8
500556	3	8
500556	3	8
500557	3	8
500557	3	8
500558	3	8
500558	3	8
500559	3	8
500559	3	8
500560	3	8
500560	3	8
500561	3	8
500561	3	8
500562	5	21
500562	5	21
500563	3	8
500563	3	8
500564	3	41
500564	3	41
500565	5	21
500565	5	21
500566	5	21
500566	5	21
500567	3	8
500567	3	8
500568	3	8
500568	3	8
500569	3	8
500569	3	8
500570	3	8
500570	3	8
500571	3	8
500571	3	8
500572	3	8
500572	3	8
500573	3	8
500573	3	8
500574	3	8
500574	3	8
500575	3	8
500575	3	8
500576	3	8
500576	3	8
500577	3	8
500577	3	8
500578	3	8
500578	3	8
500579	3	8
500579	3	8
500580	3	8
500580	3	8
500581	3	8
500581	3	8
500582	3	8
500582	3	8
500583	3	8
500583	3	8
500584	3	8
500584	3	8
500585	3	32
500585	3	32
500586	1	18
500586	1	18
500587	3	8
500587	3	8
500588	3	40
500588	3	40
500589	3	8
500589	3	8
500590	3	8
500590	3	8
500591	3	8
500591	3	8
500592	3	8
500592	3	8
500593	3	8
500593	3	8
500594	3	8
500594	3	8
500595	3	8
500595	3	8
500596	3	8
500596	3	8
500597	3	8
500597	3	8
500598	3	8
500598	3	8
500599	3	8
500599	3	8
500600	3	8
500600	3	8
500601	3	8
500601	3	8
500602	3	8
500602	3	8
500603	3	8
500603	3	8
500604	3	8
500604	3	8
500605	3	8
500605	3	8
500606	3	8
500606	3	8
500607	3	8
500607	3	8
500608	3	8
500608	3	8
500609	3	8
500609	3	8
500610	3	8
500610	3	8
500611	3	8
500611	3	8
500612	3	8
500612	3	8
500613	3	8
500613	3	8
500614	3	8
500614	3	8
500615	3	8
500615	3	8
500616	3	8
500616	3	8
500617	3	8
500617	3	8
500618	1	5
500618	1	5
500619	1	5
500619	1	5
500620	1	5
500620	1	5
500621	1	5
500621	1	5
500622	1	5
500622	1	5
500623	1	5
500623	1	5
500624	1	5
500624	1	5
500625	1	5
500625	1	5
500626	1	5
500626	1	5
500627	1	5
500627	1	5
500628	1	5
500628	1	5
500629	1	5
500629	1	5
500630	1	5
500630	1	5
500631	1	5
500631	1	5
500632	1	5
500632	1	5
500633	1	5
500633	1	5
500634	1	5
500634	1	5
500635	1	5
500635	1	5
500636	1	5
500636	1	5
500637	1	5
500637	1	5
500638	1	5
500638	1	5
500639	1	5
500639	1	5
500640	1	5
500640	1	5
500641	1	5
500641	1	5
500642	1	5
500642	1	5
500643	1	5
500643	1	5
500644	1	5
500644	1	5
500645	1	5
500645	1	5
500646	1	5
500646	1	5
500647	1	5
500647	1	5
500648	1	5
500648	1	5
500649	1	5
500649	1	5
500650	1	5
500650	1	5
500651	1	5
500651	1	5
500652	1	5
500652	1	5
500653	1	5
500653	1	5
500654	1	5
500654	1	5
500655	1	5
500655	1	5
500656	1	5
500656	1	5
500657	1	5
500657	1	5
500658	1	5
500658	1	5
500659	1	5
500659	1	5
500660	1	5
500660	1	5
500661	1	5
500661	1	5
500662	1	5
500662	1	5
500663	1	5
500663	1	5
500664	1	5
500664	1	5
500665	1	5
500665	1	5
500666	1	5
500666	1	5
500667	1	5
500667	1	5
500668	1	5
500668	1	5
500669	1	5
500669	1	5
500670	1	5
500670	1	5
500671	1	5
500671	1	5
500672	1	5
500672	1	5
500673	1	5
500673	1	5
500674	1	5
500674	1	5
500675	1	5
500675	1	5
500676	1	5
500676	1	5
500677	1	5
500677	1	5
500678	1	5
500678	1	5
500679	1	5
500679	1	5
500680	1	5
500680	1	5
500681	1	5
500681	1	5
500682	1	5
500682	1	5
500683	1	5
500683	1	5
500684	1	5
500684	1	5
500685	1	5
500685	1	5
500686	1	5
500686	1	5
500687	1	5
500687	1	5
500688	1	5
500688	1	5
500689	1	5
500689	1	5
500690	1	5
500690	1	5
500691	1	5
500691	1	5
500692	1	5
500692	1	5
500693	1	5
500693	1	5
500694	1	5
500694	1	5
500695	1	5
500695	1	5
500696	1	5
500696	1	5
500697	1	5
500697	1	5
500698	1	5
500698	1	5
500699	1	5
500699	1	5
500700	1	5
500700	1	5
500701	1	5
500701	1	5
500702	1	5
500702	1	5
500703	1	5
500703	1	5
500704	1	5
500704	1	5
500705	1	5
500705	1	5
500706	1	5
500706	1	5
500707	1	5
500707	1	5
500708	1	5
500708	1	5
500709	1	5
500709	1	5
500710	1	5
500710	1	5
500711	1	5
500711	1	5
500712	1	5
500712	1	5
500713	1	5
500713	1	5
500714	1	5
500714	1	5
500715	1	5
500715	1	5
500716	1	5
500716	1	5
500717	1	5
500717	1	5
500718	1	5
500718	1	5
500719	1	5
500719	1	5
500720	1	5
500720	1	5
500721	1	5
500721	1	5
500722	1	5
500722	1	5
500723	1	5
500723	1	5
500724	1	5
500724	1	5
500725	1	5
500725	1	5
500726	1	5
500726	1	5
500727	1	5
500727	1	5
500728	1	5
500728	1	5
500729	1	5
500729	1	5
500730	4	24
500730	4	24
500731	1	5
500731	1	5
500732	1	5
500732	1	5
500733	1	5
500733	1	5
500734	1	5
500734	1	5
500735	1	5
500735	1	5
500736	1	15
500736	1	15
500737	1	56
500737	1	56
500738	1	57
500738	1	57
500739	1	57
500739	1	57
500740	1	56
500740	1	56
500741	1	56
500741	1	56
500742	5	1
500742	5	1
500743	5	49
500743	5	49
500744	2	39
500744	2	39
500745	5	36
500745	5	36
500746	2	36
500746	2	36
500747	5	36
500747	5	36
500748	5	36
500748	5	36
500749	5	36
500749	5	36
500750	5	36
500750	5	36
500751	2	39
500751	2	39
500752	5	36
500752	5	36
500753	5	36
500753	5	36
500754	2	36
500754	2	36
500755	2	39
500755	2	39
500756	5	41
500756	5	41
500757	5	36
500757	5	36
500758	2	36
500758	2	36
500759	5	36
500759	5	36
500760	5	36
500760	5	36
500761	5	36
500761	5	36
500762	5	36
500762	5	36
500763	5	36
500763	5	36
500764	5	41
500764	5	41
500765	5	36
500765	5	36
500766	2	36
500766	2	36
500767	5	36
500767	5	36
500768	5	36
500768	5	36
500769	5	49
500769	5	49
500770	3	41
500770	3	41
500771	5	41
500771	5	41
500772	5	48
500772	5	48
500773	5	36
500773	5	36
500774	5	41
500774	5	41
500775	5	41
500775	5	41
500776	5	49
500776	5	49
500777	5	36
500777	5	36
500778	5	36
500778	5	36
500779	5	36
500779	5	36
500780	5	36
500780	5	36
500781	5	1
500781	5	1
500782	5	36
500782	5	36
500783	5	41
500783	5	41
500784	5	41
500784	5	41
500785	5	48
500785	5	48
500786	5	41
500786	5	41
500787	5	41
500787	5	41
500788	5	49
500788	5	49
500789	5	36
500789	5	36
500790	5	41
500790	5	41
500791	5	41
500791	5	41
500792	5	6
500792	5	6
500793	5	41
500793	5	41
500794	5	49
500794	5	49
500795	5	4
500795	5	4
500796	5	41
500796	5	41
500797	5	41
500797	5	41
500798	5	36
500798	5	36
500799	5	41
500799	5	41
500800	5	41
500800	5	41
500801	5	41
500801	5	41
500802	2	39
500802	2	39
500803	5	4
500803	5	4
500804	5	4
500804	5	4
500805	5	41
500805	5	41
500806	5	36
500806	5	36
500807	5	4
500807	5	4
500808	5	41
500808	5	41
500809	5	41
500809	5	41
500810	5	1
500810	5	1
500811	5	49
500811	5	49
500812	5	41
500812	5	41
500813	5	50
500813	5	50
500814	5	36
500814	5	36
500815	5	1
500815	5	1
500816	5	41
500816	5	41
500817	5	41
500817	5	41
500818	5	41
500818	5	41
500819	5	50
500819	5	50
500820	5	49
500820	5	49
500821	5	41
500821	5	41
500822	5	41
500822	5	41
500823	5	41
500823	5	41
500824	5	41
500824	5	41
500825	5	41
500825	5	41
500826	5	41
500826	5	41
500827	5	41
500827	5	41
500828	5	41
500828	5	41
500829	5	41
500829	5	41
500830	5	41
500830	5	41
500831	5	41
500831	5	41
500832	5	50
500832	5	50
500833	5	38
500833	5	38
500834	5	41
500834	5	41
500835	5	41
500835	5	41
500836	5	41
500836	5	41
500837	5	41
500837	5	41
500838	5	41
500838	5	41
500839	5	41
500839	5	41
500840	5	41
500840	5	41
500841	5	41
500841	5	41
500842	5	41
500842	5	41
500843	5	41
500843	5	41
500844	5	41
500844	5	41
500845	5	41
500845	5	41
500846	5	41
500846	5	41
500847	5	41
500847	5	41
500848	5	41
500848	5	41
500849	5	48
500849	5	48
500850	5	49
500850	5	49
500851	5	41
500851	5	41
500852	5	41
500852	5	41
500853	5	41
500853	5	41
500854	5	41
500854	5	41
500855	5	41
500855	5	41
500856	5	41
500856	5	41
500857	5	41
500857	5	41
500858	5	41
500858	5	41
500859	5	41
500859	5	41
500860	5	41
500860	5	41
500861	5	41
500861	5	41
500862	5	41
500862	5	41
500863	5	41
500863	5	41
500864	5	41
500864	5	41
500865	5	41
500865	5	41
500866	5	41
500866	5	41
500867	5	41
500867	5	41
500868	5	49
500868	5	49
500869	5	41
500869	5	41
500870	5	41
500870	5	41
500871	5	41
500871	5	41
500872	5	41
500872	5	41
500873	5	41
500873	5	41
500874	5	41
500874	5	41
500875	5	49
500875	5	49
500876	5	41
500876	5	41
500877	5	51
500877	5	51
500878	5	41
500878	5	41
500879	5	41
500879	5	41
500880	5	41
500880	5	41
500881	5	41
500881	5	41
500882	5	41
500882	5	41
500883	5	41
500883	5	41
500884	5	41
500884	5	41
500885	5	41
500885	5	41
500886	5	19
500886	5	19
500887	5	41
500887	5	41
500888	5	41
500888	5	41
500889	5	41
500889	5	41
500890	5	41
500890	5	41
500891	5	41
500891	5	41
500892	5	41
500892	5	41
500893	5	41
500893	5	41
500894	5	41
500894	5	41
500895	5	41
500895	5	41
500896	5	41
500896	5	41
500897	5	41
500897	5	41
500898	5	50
500898	5	50
500899	5	36
500899	5	36
500900	5	36
500900	5	36
500901	5	36
500901	5	36
500902	5	1
500902	5	1
500903	5	36
500903	5	36
500904	5	41
500904	5	41
500905	5	41
500905	5	41
500906	5	36
500906	5	36
500907	5	41
500907	5	41
500908	5	41
500908	5	41
500909	5	36
500909	5	36
500910	5	41
500910	5	41
500911	5	41
500911	5	41
500912	5	41
500912	5	41
500913	5	41
500913	5	41
500914	5	41
500914	5	41
500915	5	41
500915	5	41
500916	5	41
500916	5	41
500917	5	41
500917	5	41
500918	5	41
500918	5	41
500919	5	41
500919	5	41
500920	5	41
500920	5	41
500921	5	41
500921	5	41
500922	5	41
500922	5	41
500923	5	41
500923	5	41
500924	5	41
500924	5	41
500925	5	41
500925	5	41
500926	5	41
500926	5	41
500927	5	41
500927	5	41
500928	5	41
500928	5	41
500929	5	41
500929	5	41
500930	5	41
500930	5	41
500931	5	41
500931	5	41
500932	5	41
500932	5	41
500933	5	41
500933	5	41
500934	5	41
500934	5	41
500935	5	41
500935	5	41
500936	5	41
500936	5	41
500937	5	48
500937	5	48
500938	5	41
500938	5	41
500939	5	41
500939	5	41
500940	5	41
500940	5	41
500941	5	49
500941	5	49
500942	5	41
500942	5	41
500943	5	41
500943	5	41
500944	5	41
500944	5	41
500945	5	41
500945	5	41
500946	5	41
500946	5	41
500947	5	41
500947	5	41
500948	5	49
500948	5	49
500949	5	41
500949	5	41
500950	5	41
500950	5	41
500951	5	41
500951	5	41
500952	5	41
500952	5	41
500953	5	41
500953	5	41
500954	5	41
500954	5	41
500955	5	41
500955	5	41
500956	5	41
500956	5	41
500957	5	41
500957	5	41
500958	5	41
500958	5	41
500959	5	41
500959	5	41
500960	5	41
500960	5	41
500961	5	41
500961	5	41
500962	5	41
500962	5	41
500963	5	41
500963	5	41
500964	5	41
500964	5	41
500965	5	41
500965	5	41
500966	5	36
500966	5	36
500967	5	41
500967	5	41
500968	5	36
500968	5	36
500969	5	41
500969	5	41
500970	5	36
500970	5	36
500971	5	41
500971	5	41
500972	5	36
500972	5	36
500973	5	41
500973	5	41
500974	5	41
500974	5	41
500975	5	41
500975	5	41
500976	5	41
500976	5	41
500977	5	41
500977	5	41
500978	5	22
500978	5	22
500979	5	22
500979	5	22
500980	5	22
500980	5	22
500981	5	22
500981	5	22
500982	5	22
500982	5	22
500983	5	22
500983	5	22
500984	5	22
500984	5	22
500985	5	22
500985	5	22
500986	5	22
500986	5	22
500987	5	22
500987	5	22
500988	5	22
500988	5	22
500989	5	22
500989	5	22
500990	5	22
500990	5	22
500991	5	22
500991	5	22
500992	5	22
500992	5	22
500993	5	22
500993	5	22
500994	5	22
500994	5	22
500995	5	22
500995	5	22
500996	5	22
500996	5	22
500997	5	22
500997	5	22
500998	5	22
500998	5	22
500999	5	22
500999	5	22
501000	5	22
501000	5	22
501001	5	22
501001	5	22
501002	5	22
501002	5	22
501003	5	22
501003	5	22
501004	5	22
501004	5	22
501005	5	41
501005	5	41
501006	5	41
501006	5	41
501007	5	41
501007	5	41
501008	5	36
501008	5	36
501009	5	41
501009	5	41
501010	5	41
501010	5	41
501011	5	41
501011	5	41
501012	5	1
501012	5	1
501013	5	41
501013	5	41
501014	5	41
501014	5	41
501015	5	41
501015	5	41
501016	5	41
501016	5	41
501017	5	41
501017	5	41
501018	5	50
501018	5	50
501019	5	41
501019	5	41
501020	5	41
501020	5	41
501021	5	36
501021	5	36
501022	5	41
501022	5	41
501023	5	36
501023	5	36
501024	5	36
501024	5	36
501025	5	41
501025	5	41
501026	5	1
501026	5	1
501027	5	41
501027	5	41
501028	5	41
501028	5	41
501029	5	41
501029	5	41
501030	5	22
501030	5	22
501031	5	22
501031	5	22
501032	5	41
501032	5	41
501033	5	41
501033	5	41
501034	5	41
501034	5	41
501035	5	1
501035	5	1
501036	5	41
501036	5	41
501037	5	41
501037	5	41
501038	5	41
501038	5	41
501039	5	41
501039	5	41
501040	5	49
501040	5	49
501041	5	41
501041	5	41
501042	5	41
501042	5	41
501043	5	41
501043	5	41
501044	5	41
501044	5	41
501045	5	41
501045	5	41
501046	5	1
501046	5	1
501047	5	41
501047	5	41
501048	5	41
501048	5	41
501049	5	41
501049	5	41
501050	5	41
501050	5	41
501051	5	41
501051	5	41
501052	5	41
501052	5	41
501053	5	41
501053	5	41
501054	5	41
501054	5	41
501055	5	41
501055	5	41
501056	5	41
501056	5	41
501057	5	41
501057	5	41
501058	5	48
501058	5	48
501059	5	51
501059	5	51
501060	5	41
501060	5	41
501061	5	41
501061	5	41
501062	5	41
501062	5	41
501063	5	41
501063	5	41
501064	5	41
501064	5	41
501065	5	1
501065	5	1
501066	5	41
501066	5	41
501067	5	41
501067	5	41
501068	5	41
501068	5	41
501069	5	41
501069	5	41
501070	5	41
501070	5	41
501071	5	41
501071	5	41
501072	5	41
501072	5	41
501073	5	41
501073	5	41
501074	5	41
501074	5	41
501075	5	41
501075	5	41
501076	5	41
501076	5	41
501077	5	41
501077	5	41
501078	5	41
501078	5	41
501079	5	41
501079	5	41
501080	5	41
501080	5	41
501081	5	41
501081	5	41
501082	5	41
501082	5	41
501083	5	41
501083	5	41
501084	5	41
501084	5	41
501085	5	41
501085	5	41
501086	5	41
501086	5	41
501087	5	41
501087	5	41
501088	5	41
501088	5	41
501089	5	1
501089	5	1
501090	5	41
501090	5	41
501091	5	22
501091	5	22
501092	5	41
501092	5	41
501093	5	41
501093	5	41
501094	5	41
501094	5	41
501095	5	41
501095	5	41
501096	5	41
501096	5	41
501097	5	41
501097	5	41
501098	5	1
501098	5	1
501099	5	48
501099	5	48
501100	5	1
501100	5	1
501101	5	41
501101	5	41
501102	5	41
501102	5	41
501103	5	22
501103	5	22
501104	5	41
501104	5	41
501105	5	41
501105	5	41
501106	5	41
501106	5	41
501107	5	41
501107	5	41
501108	5	41
501108	5	41
501109	5	41
501109	5	41
501110	5	41
501110	5	41
501111	5	41
501111	5	41
501112	5	1
501112	5	1
501113	5	41
501113	5	41
501114	5	48
501114	5	48
501115	5	48
501115	5	48
501116	5	48
501116	5	48
501117	5	51
501117	5	51
501118	5	37
501118	5	37
501119	5	48
501119	5	48
501120	5	48
501120	5	48
501121	5	48
501121	5	48
501122	5	48
501122	5	48
501123	5	48
501123	5	48
501124	5	48
501124	5	48
501125	1	48
501125	1	48
501126	5	51
501126	5	51
501127	5	48
501127	5	48
501128	5	48
501128	5	48
501129	5	48
501129	5	48
501130	5	48
501130	5	48
501131	5	48
501131	5	48
501132	5	38
501132	5	38
501133	5	41
501133	5	41
501134	5	41
501134	5	41
501135	5	41
501135	5	41
501136	5	41
501136	5	41
501137	5	41
501137	5	41
501138	5	41
501138	5	41
501139	5	1
501139	5	1
501140	5	1
501140	5	1
501141	5	49
501141	5	49
501142	5	41
501142	5	41
501143	5	48
501143	5	48
501144	5	6
501144	5	6
501145	5	6
501145	5	6
501146	5	6
501146	5	6
501147	5	6
501147	5	6
501148	5	6
501148	5	6
501149	5	6
501149	5	6
501150	5	41
501150	5	41
501151	5	41
501151	5	41
501152	5	41
501152	5	41
501153	5	41
501153	5	41
501154	5	41
501154	5	41
501155	5	41
501155	5	41
501156	5	1
501156	5	1
501157	5	41
501157	5	41
501158	5	41
501158	5	41
501159	5	1
501159	5	1
501160	5	1
501160	5	1
501161	5	41
501161	5	41
501162	5	41
501162	5	41
501163	5	1
501163	5	1
501164	5	41
501164	5	41
501165	5	41
501165	5	41
501166	5	41
501166	5	41
501167	5	41
501167	5	41
501168	5	41
501168	5	41
501169	5	41
501169	5	41
501170	5	41
501170	5	41
501171	5	41
501171	5	41
501172	5	41
501172	5	41
501173	5	41
501173	5	41
501174	5	41
501174	5	41
501175	5	41
501175	5	41
501176	5	41
501176	5	41
501177	5	41
501177	5	41
501178	5	41
501178	5	41
501179	5	41
501179	5	41
501180	5	41
501180	5	41
501181	5	41
501181	5	41
501182	5	41
501182	5	41
501183	5	41
501183	5	41
501184	5	49
501184	5	49
501185	5	41
501185	5	41
501186	5	41
501186	5	41
501187	5	41
501187	5	41
501188	5	41
501188	5	41
501189	5	41
501189	5	41
501190	5	41
501190	5	41
501191	5	41
501191	5	41
501192	5	41
501192	5	41
501193	5	41
501193	5	41
501194	5	41
501194	5	41
501195	5	41
501195	5	41
501196	5	41
501196	5	41
501197	5	41
501197	5	41
501198	5	36
501198	5	36
501199	5	41
501199	5	41
501200	5	41
501200	5	41
501201	5	41
501201	5	41
501202	5	1
501202	5	1
501203	5	41
501203	5	41
501204	5	41
501204	5	41
501205	5	41
501205	5	41
501206	5	41
501206	5	41
501207	5	41
501207	5	41
501208	5	49
501208	5	49
501209	5	48
501209	5	48
501210	5	41
501210	5	41
501211	5	41
501211	5	41
501212	5	41
501212	5	41
501213	5	1
501213	5	1
501214	5	41
501214	5	41
501215	5	1
501215	5	1
501216	5	41
501216	5	41
501217	5	41
501217	5	41
501218	5	41
501218	5	41
501219	5	41
501219	5	41
501220	5	41
501220	5	41
501221	5	41
501221	5	41
501222	5	41
501222	5	41
501223	5	41
501223	5	41
501224	5	41
501224	5	41
501225	5	41
501225	5	41
501226	5	41
501226	5	41
501227	5	41
501227	5	41
501228	5	41
501228	5	41
501229	5	41
501229	5	41
501230	5	1
501230	5	1
501231	5	1
501231	5	1
501232	5	41
501232	5	41
501233	5	41
501233	5	41
501234	5	41
501234	5	41
501235	5	41
501235	5	41
501236	5	49
501236	5	49
501237	5	41
501237	5	41
501238	5	41
501238	5	41
501239	5	41
501239	5	41
501240	5	41
501240	5	41
501241	5	41
501241	5	41
501242	5	41
501242	5	41
501243	5	41
501243	5	41
501244	5	41
501244	5	41
501245	5	41
501245	5	41
501246	5	52
501246	5	52
501247	5	41
501247	5	41
501248	5	41
501248	5	41
501249	5	41
501249	5	41
501250	5	41
501250	5	41
501251	5	41
501251	5	41
501252	5	52
501252	5	52
501253	5	41
501253	5	41
501254	5	41
501254	5	41
501255	5	41
501255	5	41
501256	5	41
501256	5	41
501257	5	48
501257	5	48
501258	5	41
501258	5	41
501259	5	41
501259	5	41
501260	5	41
501260	5	41
501261	5	41
501261	5	41
501262	5	41
501262	5	41
501263	5	41
501263	5	41
501264	5	41
501264	5	41
501265	5	48
501265	5	48
501266	5	49
501266	5	49
501267	5	41
501267	5	41
501268	5	41
501268	5	41
501269	5	49
501269	5	49
501270	5	49
501270	5	49
501271	5	41
501271	5	41
501272	5	41
501272	5	41
501273	5	49
501273	5	49
501274	5	41
501274	5	41
501275	5	41
501275	5	41
501276	5	36
501276	5	36
501277	5	41
501277	5	41
501278	5	41
501278	5	41
501279	5	41
501279	5	41
501280	5	41
501280	5	41
501281	5	52
501281	5	52
501282	5	41
501282	5	41
501283	5	50
501283	5	50
501284	5	41
501284	5	41
501285	5	41
501285	5	41
501286	5	36
501286	5	36
501287	5	36
501287	5	36
501288	5	41
501288	5	41
501289	5	41
501289	5	41
501290	5	41
501290	5	41
501291	5	48
501291	5	48
501292	5	41
501292	5	41
501293	5	41
501293	5	41
501294	5	41
501294	5	41
501295	5	41
501295	5	41
501296	5	41
501296	5	41
501297	5	36
501297	5	36
501298	5	36
501298	5	36
501299	5	41
501299	5	41
501300	5	41
501300	5	41
501301	5	41
501301	5	41
501302	5	41
501302	5	41
501303	5	41
501303	5	41
501304	5	22
501304	5	22
501305	5	22
501305	5	22
501306	5	41
501306	5	41
501307	5	41
501307	5	41
501308	5	41
501308	5	41
501309	5	36
501309	5	36
501310	5	50
501310	5	50
501311	5	41
501311	5	41
501312	5	41
501312	5	41
501313	5	41
501313	5	41
501314	5	41
501314	5	41
501315	5	41
501315	5	41
501316	5	41
501316	5	41
501317	5	41
501317	5	41
501318	5	41
501318	5	41
501319	5	41
501319	5	41
501320	5	41
501320	5	41
501321	5	41
501321	5	41
501322	5	50
501322	5	50
501323	5	41
501323	5	41
501324	5	41
501324	5	41
501325	5	1
501325	5	1
501326	5	41
501326	5	41
501327	5	41
501327	5	41
501328	5	41
501328	5	41
501329	5	41
501329	5	41
501330	5	41
501330	5	41
501331	5	1
501331	5	1
501332	5	48
501332	5	48
501333	5	41
501333	5	41
501334	5	41
501334	5	41
501335	5	41
501335	5	41
501336	5	41
501336	5	41
501337	5	49
501337	5	49
501338	5	41
501338	5	41
501339	5	41
501339	5	41
501340	5	41
501340	5	41
501341	5	41
501341	5	41
501342	5	41
501342	5	41
501343	5	51
501343	5	51
501344	5	41
501344	5	41
501345	5	41
501345	5	41
501346	5	41
501346	5	41
501347	5	41
501347	5	41
501348	5	41
501348	5	41
501349	5	41
501349	5	41
501350	5	48
501350	5	48
501351	5	41
501351	5	41
501352	5	41
501352	5	41
501353	5	41
501353	5	41
501354	5	41
501354	5	41
501355	5	41
501355	5	41
501356	5	1
501356	5	1
501357	5	36
501357	5	36
501358	5	41
501358	5	41
501359	5	50
501359	5	50
501360	5	41
501360	5	41
501361	5	41
501361	5	41
501362	5	41
501362	5	41
501363	5	41
501363	5	41
501364	5	52
501364	5	52
501365	5	41
501365	5	41
501366	5	41
501366	5	41
501367	5	49
501367	5	49
501368	5	36
501368	5	36
501369	5	41
501369	5	41
501370	5	41
501370	5	41
501371	5	41
501371	5	41
501372	5	51
501372	5	51
501373	5	37
501373	5	37
501374	5	41
501374	5	41
501375	5	41
501375	5	41
501376	5	41
501376	5	41
501377	5	41
501377	5	41
501378	5	50
501378	5	50
501379	5	41
501379	5	41
501380	5	52
501380	5	52
501381	5	41
501381	5	41
501382	5	41
501382	5	41
501383	5	48
501383	5	48
501384	5	41
501384	5	41
501385	5	41
501385	5	41
501386	5	41
501386	5	41
501387	5	41
501387	5	41
501388	5	41
501388	5	41
501389	5	41
501389	5	41
501390	5	41
501390	5	41
501391	5	41
501391	5	41
501392	5	41
501392	5	41
501393	5	41
501393	5	41
501394	5	41
501394	5	41
501395	5	41
501395	5	41
501396	5	41
501396	5	41
501397	5	41
501397	5	41
501398	5	41
501398	5	41
501399	5	41
501399	5	41
501400	5	41
501400	5	41
501401	5	41
501401	5	41
501402	5	41
501402	5	41
501403	5	41
501403	5	41
501404	5	41
501404	5	41
501405	5	41
501405	5	41
501406	5	36
501406	5	36
501407	5	48
501407	5	48
501408	5	41
501408	5	41
501409	5	41
501409	5	41
501410	5	41
501410	5	41
501411	5	41
501411	5	41
501412	5	41
501412	5	41
501413	5	41
501413	5	41
501414	5	41
501414	5	41
501415	5	41
501415	5	41
501416	5	41
501416	5	41
501417	5	41
501417	5	41
501418	5	41
501418	5	41
501419	5	41
501419	5	41
501420	5	41
501420	5	41
501421	5	41
501421	5	41
501422	5	41
501422	5	41
501423	5	41
501423	5	41
501424	5	41
501424	5	41
501425	5	41
501425	5	41
501426	5	41
501426	5	41
501427	5	41
501427	5	41
501428	5	41
501428	5	41
501429	5	41
501429	5	41
501430	5	41
501430	5	41
501431	5	41
501431	5	41
501432	5	41
501432	5	41
501433	5	41
501433	5	41
501434	5	41
501434	5	41
501435	5	41
501435	5	41
501436	5	41
501436	5	41
501437	5	41
501437	5	41
501438	5	41
501438	5	41
501439	5	41
501439	5	41
501440	5	48
501440	5	48
501441	5	41
501441	5	41
501442	5	41
501442	5	41
501443	5	41
501443	5	41
501444	5	41
501444	5	41
501445	5	41
501445	5	41
501446	5	41
501446	5	41
501447	5	41
501447	5	41
501448	5	41
501448	5	41
501449	5	41
501449	5	41
501450	5	41
501450	5	41
501451	5	41
501451	5	41
501452	5	41
501452	5	41
501453	5	1
501453	5	1
501454	5	1
501454	5	1
501455	5	41
501455	5	41
501456	5	48
501456	5	48
501457	5	1
501457	5	1
501458	5	36
501458	5	36
501459	5	41
501459	5	41
501460	5	41
501460	5	41
501461	5	41
501461	5	41
501462	5	41
501462	5	41
501463	5	49
501463	5	49
501464	5	48
501464	5	48
501465	5	41
501465	5	41
501466	2	17
501466	2	17
501467	5	41
501467	5	41
501468	5	41
501468	5	41
501469	5	41
501469	5	41
501470	5	41
501470	5	41
501471	5	37
501471	5	37
501472	5	41
501472	5	41
501473	5	41
501473	5	41
501474	5	41
501474	5	41
501475	5	41
501475	5	41
501476	5	41
501476	5	41
501477	5	1
501477	5	1
501478	5	41
501478	5	41
501479	5	41
501479	5	41
501480	5	41
501480	5	41
501481	5	1
501481	5	1
501482	5	41
501482	5	41
501483	5	41
501483	5	41
501484	5	41
501484	5	41
501485	5	41
501485	5	41
501486	5	1
501486	5	1
501487	5	41
501487	5	41
501488	5	49
501488	5	49
501489	5	41
501489	5	41
501490	5	52
501490	5	52
501491	5	41
501491	5	41
501492	5	41
501492	5	41
501493	5	41
501493	5	41
501494	5	41
501494	5	41
501495	5	41
501495	5	41
501496	5	41
501496	5	41
501497	5	41
501497	5	41
501498	5	41
501498	5	41
501499	5	41
501499	5	41
501500	5	41
501500	5	41
501501	5	41
501501	5	41
501502	5	41
501502	5	41
501503	5	41
501503	5	41
501504	5	41
501504	5	41
501505	5	41
501505	5	41
501506	5	41
501506	5	41
501507	5	41
501507	5	41
501508	5	41
501508	5	41
501509	5	41
501509	5	41
501510	5	41
501510	5	41
501511	5	41
501511	5	41
501512	5	41
501512	5	41
501513	5	41
501513	5	41
501514	5	41
501514	5	41
501515	5	41
501515	5	41
501516	5	48
501516	5	48
501517	5	41
501517	5	41
501518	5	41
501518	5	41
501519	5	41
501519	5	41
501520	5	49
501520	5	49
501521	5	49
501521	5	49
501522	5	41
501522	5	41
501523	5	41
501523	5	41
501524	5	41
501524	5	41
501525	5	41
501525	5	41
501526	5	41
501526	5	41
501527	5	41
501527	5	41
501528	5	41
501528	5	41
501529	5	41
501529	5	41
501530	5	41
501530	5	41
501531	5	1
501531	5	1
501532	5	1
501532	5	1
501533	5	41
501533	5	41
501534	5	41
501534	5	41
501535	5	50
501535	5	50
501536	5	41
501536	5	41
501537	5	41
501537	5	41
501538	5	41
501538	5	41
501539	5	41
501539	5	41
501540	5	41
501540	5	41
501541	5	41
501541	5	41
501542	5	41
501542	5	41
501543	5	49
501543	5	49
501544	5	48
501544	5	48
501545	5	41
501545	5	41
501546	5	41
501546	5	41
501547	5	41
501547	5	41
501548	5	41
501548	5	41
501549	5	41
501549	5	41
501550	5	41
501550	5	41
501551	5	41
501551	5	41
501552	5	41
501552	5	41
501553	5	41
501553	5	41
501554	5	41
501554	5	41
501555	5	6
501555	5	6
501556	5	41
501556	5	41
501557	5	41
501557	5	41
501558	5	41
501558	5	41
501559	5	41
501559	5	41
501560	5	41
501560	5	41
501561	5	41
501561	5	41
501562	5	37
501562	5	37
501563	5	1
501563	5	1
501564	5	1
501564	5	1
501565	5	41
501565	5	41
501566	5	41
501566	5	41
501567	5	41
501567	5	41
501568	5	41
501568	5	41
501569	5	37
501569	5	37
501570	5	48
501570	5	48
501571	5	41
501571	5	41
501572	5	37
501572	5	37
501573	5	41
501573	5	41
501574	5	49
501574	5	49
501575	5	36
501575	5	36
501576	5	36
501576	5	36
501577	5	41
501577	5	41
501578	5	52
501578	5	52
501579	5	41
501579	5	41
501580	5	41
501580	5	41
501581	5	41
501581	5	41
501582	5	36
501582	5	36
501583	5	50
501583	5	50
501584	5	49
501584	5	49
501585	5	41
501585	5	41
501586	5	41
501586	5	41
501587	5	1
501587	5	1
501588	5	36
501588	5	36
501589	5	1
501589	5	1
501590	5	37
501590	5	37
501591	5	49
501591	5	49
501592	5	36
501592	5	36
501593	5	36
501593	5	36
501594	5	36
501594	5	36
501595	5	36
501595	5	36
501596	5	36
501596	5	36
501597	5	41
501597	5	41
501598	5	48
501598	5	48
501599	5	41
501599	5	41
501600	5	41
501600	5	41
501601	5	1
501601	5	1
501602	5	1
501602	5	1
501603	5	41
501603	5	41
501604	5	41
501604	5	41
501605	5	41
501605	5	41
501606	5	41
501606	5	41
501607	5	41
501607	5	41
501608	5	41
501608	5	41
501609	5	41
501609	5	41
501610	5	48
501610	5	48
501611	5	41
501611	5	41
501612	5	41
501612	5	41
501613	5	41
501613	5	41
501614	5	41
501614	5	41
501615	5	41
501615	5	41
501616	5	41
501616	5	41
501617	5	1
501617	5	1
501618	5	41
501618	5	41
501619	5	41
501619	5	41
501620	5	52
501620	5	52
501621	5	41
501621	5	41
501622	5	36
501622	5	36
501623	5	41
501623	5	41
501624	5	41
501624	5	41
501625	5	49
501625	5	49
501626	5	41
501626	5	41
501627	5	49
501627	5	49
501628	5	36
501628	5	36
501629	5	36
501629	5	36
501630	5	36
501630	5	36
501631	5	41
501631	5	41
501632	5	1
501632	5	1
501633	5	41
501633	5	41
501634	5	36
501634	5	36
501635	5	36
501635	5	36
501636	5	49
501636	5	49
501637	5	36
501637	5	36
501638	5	41
501638	5	41
501639	5	41
501639	5	41
501640	5	49
501640	5	49
501641	5	49
501641	5	49
501642	5	36
501642	5	36
501643	5	36
501643	5	36
501644	5	36
501644	5	36
501645	5	1
501645	5	1
501646	5	36
501646	5	36
501647	5	41
501647	5	41
501648	5	41
501648	5	41
501649	5	41
501649	5	41
501650	5	36
501650	5	36
501651	5	41
501651	5	41
501652	5	1
501652	5	1
501653	5	41
501653	5	41
501654	5	49
501654	5	49
501655	5	41
501655	5	41
501656	5	41
501656	5	41
501657	5	41
501657	5	41
501658	5	41
501658	5	41
501659	5	41
501659	5	41
501660	5	41
501660	5	41
501661	5	41
501661	5	41
501662	5	41
501662	5	41
501663	5	41
501663	5	41
501664	5	1
501664	5	1
501665	5	49
501665	5	49
501666	5	41
501666	5	41
501667	5	41
501667	5	41
501668	5	41
501668	5	41
501669	5	41
501669	5	41
501670	5	41
501670	5	41
501671	5	49
501671	5	49
501672	5	41
501672	5	41
501673	5	1
501673	5	1
501674	5	52
501674	5	52
501675	1	18
501675	1	18
501676	5	41
501676	5	41
501677	5	41
501677	5	41
501678	5	41
501678	5	41
501679	5	41
501679	5	41
501680	5	41
501680	5	41
501681	5	41
501681	5	41
501682	5	1
501682	5	1
501683	5	41
501683	5	41
501684	5	41
501684	5	41
501685	5	41
501685	5	41
501686	5	41
501686	5	41
501687	5	41
501687	5	41
501688	5	50
501688	5	50
501689	5	52
501689	5	52
501690	5	51
501690	5	51
501691	5	41
501691	5	41
501692	5	1
501692	5	1
501693	5	6
501693	5	6
501694	5	41
501694	5	41
501695	5	41
501695	5	41
501696	5	48
501696	5	48
501697	5	41
501697	5	41
501698	5	41
501698	5	41
501699	5	50
501699	5	50
501700	5	41
501700	5	41
501701	5	41
501701	5	41
501702	5	41
501702	5	41
501703	5	1
501703	5	1
501704	5	51
501704	5	51
501705	5	51
501705	5	51
501706	5	1
501706	5	1
501707	5	41
501707	5	41
501708	5	36
501708	5	36
501709	5	51
501709	5	51
501710	5	36
501710	5	36
501711	5	17
501711	5	17
501712	5	37
501712	5	37
501713	5	37
501713	5	37
501714	5	41
501714	5	41
501715	5	51
501715	5	51
501716	5	41
501716	5	41
501717	5	3
501717	5	3
501718	5	4
501718	5	4
501719	5	6
501719	5	6
501720	5	41
501720	5	41
501721	5	37
501721	5	37
501722	5	17
501722	5	17
501723	5	37
501723	5	37
501724	5	41
501724	5	41
501725	5	37
501725	5	37
501726	5	41
501726	5	41
501727	5	40
501727	5	40
501728	5	40
501728	5	40
501729	5	51
501729	5	51
501730	5	40
501730	5	40
501731	5	40
501731	5	40
501732	5	40
501732	5	40
501733	5	40
501733	5	40
501734	5	40
501734	5	40
501735	5	40
501735	5	40
501736	5	52
501736	5	52
501737	5	41
501737	5	41
501738	5	41
501738	5	41
501739	5	51
501739	5	51
501740	5	41
501740	5	41
501741	5	41
501741	5	41
501742	5	6
501742	5	6
501743	5	50
501743	5	50
501744	5	51
501744	5	51
501745	5	6
501745	5	6
501746	5	6
501746	5	6
501747	5	6
501747	5	6
501748	5	6
501748	5	6
501749	5	6
501749	5	6
501750	5	6
501750	5	6
501751	5	6
501751	5	6
501752	5	6
501752	5	6
501753	5	40
501753	5	40
501754	5	4
501754	5	4
501755	5	6
501755	5	6
501756	5	51
501756	5	51
501757	5	51
501757	5	51
501758	5	51
501758	5	51
501759	5	6
501759	5	6
501760	5	6
501760	5	6
501761	5	6
501761	5	6
501762	5	6
501762	5	6
501763	5	6
501763	5	6
501764	5	6
501764	5	6
501765	5	6
501765	5	6
501766	5	51
501766	5	51
501767	5	6
501767	5	6
501768	5	41
501768	5	41
501769	5	41
501769	5	41
501770	5	48
501770	5	48
501771	5	51
501771	5	51
501772	5	37
501772	5	37
501773	5	37
501773	5	37
501774	5	41
501774	5	41
501775	5	41
501775	5	41
501776	5	37
501776	5	37
501777	5	37
501777	5	37
501778	5	41
501778	5	41
501779	5	41
501779	5	41
501780	5	41
501780	5	41
501781	5	50
501781	5	50
501782	5	6
501782	5	6
501783	5	50
501783	5	50
501784	5	51
501784	5	51
501785	5	51
501785	5	51
501786	5	51
501786	5	51
501787	5	50
501787	5	50
501788	5	40
501788	5	40
501789	5	6
501789	5	6
501790	5	51
501790	5	51
501791	5	51
501791	5	51
501792	5	50
501792	5	50
501793	5	40
501793	5	40
501794	5	51
501794	5	51
501795	5	6
501795	5	6
501796	5	51
501796	5	51
501797	5	41
501797	5	41
501798	5	22
501798	5	22
501799	5	22
501799	5	22
501800	5	22
501800	5	22
501801	5	6
501801	5	6
501802	5	6
501802	5	6
501803	5	22
501803	5	22
501804	5	22
501804	5	22
501805	5	51
501805	5	51
501806	5	22
501806	5	22
501807	5	22
501807	5	22
501808	5	49
501808	5	49
501809	5	40
501809	5	40
501810	5	22
501810	5	22
501811	5	50
501811	5	50
501812	5	41
501812	5	41
501813	5	40
501813	5	40
501814	5	50
501814	5	50
501815	5	40
501815	5	40
501816	5	40
501816	5	40
501817	5	40
501817	5	40
501818	3	41
501818	3	41
501819	5	40
501819	5	40
501820	5	51
501820	5	51
501821	5	40
501821	5	40
501822	5	40
501822	5	40
501823	5	6
501823	5	6
501824	5	6
501824	5	6
501825	5	51
501825	5	51
501826	5	6
501826	5	6
501827	5	50
501827	5	50
501828	5	40
501828	5	40
501829	5	6
501829	5	6
501830	5	6
501830	5	6
501831	5	6
501831	5	6
501832	5	6
501832	5	6
501833	5	6
501833	5	6
501834	5	51
501834	5	51
501835	5	6
501835	5	6
501836	5	17
501836	5	17
501837	5	17
501837	5	17
501838	5	40
501838	5	40
501839	5	40
501839	5	40
501840	5	51
501840	5	51
501841	5	6
501841	5	6
501842	5	6
501842	5	6
501843	5	40
501843	5	40
501844	5	40
501844	5	40
501845	5	51
501845	5	51
501846	5	40
501846	5	40
501847	5	40
501847	5	40
501848	5	40
501848	5	40
501849	5	40
501849	5	40
501850	5	40
501850	5	40
501851	5	6
501851	5	6
501852	5	6
501852	5	6
501853	5	6
501853	5	6
501854	5	41
501854	5	41
501855	5	41
501855	5	41
501856	5	6
501856	5	6
501857	5	51
501857	5	51
501858	5	6
501858	5	6
501859	5	6
501859	5	6
501860	5	6
501860	5	6
501861	5	22
501861	5	22
501862	5	51
501862	5	51
501863	5	51
501863	5	51
501864	5	6
501864	5	6
501865	5	51
501865	5	51
501866	5	51
501866	5	51
501867	5	40
501867	5	40
501868	5	51
501868	5	51
501869	5	51
501869	5	51
501870	5	50
501870	5	50
501871	5	51
501871	5	51
501872	5	6
501872	5	6
501873	5	40
501873	5	40
501874	5	6
501874	5	6
501875	5	40
501875	5	40
501876	5	40
501876	5	40
501877	5	40
501877	5	40
501878	5	6
501878	5	6
501879	5	40
501879	5	40
501880	5	40
501880	5	40
501881	5	40
501881	5	40
501882	5	40
501882	5	40
501883	5	40
501883	5	40
501884	5	40
501884	5	40
501885	5	6
501885	5	6
501886	5	6
501886	5	6
501887	5	6
501887	5	6
501888	5	51
501888	5	51
501889	5	22
501889	5	22
501890	5	22
501890	5	22
501891	5	6
501891	5	6
501892	5	6
501892	5	6
501893	3	40
501893	3	40
501894	5	40
501894	5	40
501895	5	50
501895	5	50
501896	5	51
501896	5	51
501897	5	3
501897	5	3
501898	5	41
501898	5	41
501899	5	41
501899	5	41
501900	3	40
501900	3	40
501901	1	17
501901	1	17
501902	5	50
501902	5	50
501903	5	6
501903	5	6
501904	5	40
501904	5	40
501905	5	40
501905	5	40
501906	5	40
501906	5	40
501907	5	40
501907	5	40
501908	5	6
501908	5	6
501909	5	1
501909	5	1
501910	5	3
501910	5	3
501911	5	52
501911	5	52
501912	5	6
501912	5	6
501913	5	6
501913	5	6
501914	5	6
501914	5	6
501915	5	40
501915	5	40
501916	5	6
501916	5	6
501917	5	51
501917	5	51
501918	5	51
501918	5	51
501919	5	51
501919	5	51
501920	5	51
501920	5	51
501921	5	51
501921	5	51
501922	5	6
501922	5	6
501923	5	51
501923	5	51
501924	5	52
501924	5	52
501925	5	51
501925	5	51
501926	5	41
501926	5	41
501927	5	40
501927	5	40
501928	5	40
501928	5	40
501929	5	41
501929	5	41
501930	5	40
501930	5	40
501931	5	40
501931	5	40
501932	5	51
501932	5	51
501933	5	51
501933	5	51
501934	5	41
501934	5	41
501935	5	17
501935	5	17
501936	5	36
501936	5	36
501937	5	6
501937	5	6
501938	5	36
501938	5	36
501939	5	40
501939	5	40
501940	5	6
501940	5	6
501941	5	40
501941	5	40
501942	5	40
501942	5	40
501943	5	6
501943	5	6
501944	5	48
501944	5	48
501945	5	41
501945	5	41
501946	5	41
501946	5	41
501947	5	51
501947	5	51
501948	5	51
501948	5	51
501949	5	51
501949	5	51
501950	5	51
501950	5	51
501951	5	51
501951	5	51
501952	5	22
501952	5	22
501953	5	51
501953	5	51
501954	5	40
501954	5	40
501955	5	40
501955	5	40
501956	5	40
501956	5	40
501957	5	40
501957	5	40
501958	5	51
501958	5	51
501959	5	51
501959	5	51
501960	5	51
501960	5	51
501961	5	51
501961	5	51
501962	5	51
501962	5	51
501963	5	6
501963	5	6
501964	5	51
501964	5	51
501965	5	52
501965	5	52
501966	5	50
501966	5	50
501967	5	6
501967	5	6
501968	5	51
501968	5	51
501969	5	51
501969	5	51
501970	5	51
501970	5	51
501971	5	52
501971	5	52
501972	5	51
501972	5	51
501973	5	6
501973	5	6
501974	5	51
501974	5	51
501975	5	51
501975	5	51
501976	5	50
501976	5	50
501977	5	40
501977	5	40
501978	5	51
501978	5	51
501979	5	51
501979	5	51
501980	5	51
501980	5	51
501981	5	41
501981	5	41
501982	5	51
501982	5	51
501983	5	6
501983	5	6
501984	5	51
501984	5	51
501985	5	51
501985	5	51
501986	5	50
501986	5	50
501987	5	50
501987	5	50
501988	5	41
501988	5	41
501989	5	51
501989	5	51
501990	5	6
501990	5	6
501991	5	51
501991	5	51
501992	5	3
501992	5	3
501993	5	3
501993	5	3
501994	5	41
501994	5	41
501995	5	41
501995	5	41
501996	5	40
501996	5	40
501997	5	40
501997	5	40
501998	5	41
501998	5	41
501999	5	41
501999	5	41
502000	5	6
502000	5	6
502001	5	6
502001	5	6
502002	5	6
502002	5	6
502003	5	6
502003	5	6
502004	5	52
502004	5	52
502005	5	41
502005	5	41
502006	5	51
502006	5	51
502007	5	51
502007	5	51
502008	5	52
502008	5	52
502009	5	51
502009	5	51
502010	5	41
502010	5	41
502011	5	51
502011	5	51
502012	5	41
502012	5	41
502013	5	41
502013	5	41
502014	5	6
502014	5	6
502015	5	51
502015	5	51
502016	5	41
502016	5	41
502017	5	40
502017	5	40
502018	5	41
502018	5	41
502019	5	41
502019	5	41
502020	5	40
502020	5	40
502021	5	41
502021	5	41
502022	5	51
502022	5	51
502023	5	41
502023	5	41
502024	5	52
502024	5	52
502025	5	40
502025	5	40
502026	5	51
502026	5	51
502027	5	52
502027	5	52
502028	5	40
502028	5	40
502029	5	52
502029	5	52
502030	5	40
502030	5	40
502031	5	48
502031	5	48
502032	5	51
502032	5	51
502033	5	3
502033	5	3
502034	5	4
502034	5	4
502035	5	51
502035	5	51
502036	5	51
502036	5	51
502037	5	51
502037	5	51
502038	5	51
502038	5	51
502039	5	51
502039	5	51
502040	5	51
502040	5	51
502041	5	51
502041	5	51
502042	5	51
502042	5	51
502043	5	51
502043	5	51
502044	5	51
502044	5	51
502045	5	48
502045	5	48
502046	5	48
502046	5	48
502047	5	51
502047	5	51
502048	5	41
502048	5	41
502049	5	6
502049	5	6
502050	5	50
502050	5	50
502051	5	51
502051	5	51
502052	5	51
502052	5	51
502053	5	41
502053	5	41
502054	5	51
502054	5	51
502055	5	41
502055	5	41
502056	5	40
502056	5	40
502057	5	40
502057	5	40
502058	5	41
502058	5	41
502059	5	41
502059	5	41
502060	5	6
502060	5	6
502061	5	40
502061	5	40
502062	5	51
502062	5	51
502063	5	51
502063	5	51
502064	5	51
502064	5	51
502065	5	51
502065	5	51
502066	5	51
502066	5	51
502067	5	51
502067	5	51
502068	5	51
502068	5	51
502069	5	41
502069	5	41
502070	5	41
502070	5	41
502071	5	51
502071	5	51
502072	5	51
502072	5	51
502073	5	41
502073	5	41
502074	5	41
502074	5	41
502075	5	41
502075	5	41
502076	5	51
502076	5	51
502077	5	51
502077	5	51
502078	5	3
502078	5	3
502079	5	1
502079	5	1
502080	5	51
502080	5	51
502081	5	3
502081	5	3
502082	5	51
502082	5	51
502083	5	41
502083	5	41
502084	5	40
502084	5	40
502085	5	41
502085	5	41
502086	5	40
502086	5	40
502087	5	41
502087	5	41
502088	5	51
502088	5	51
502089	5	40
502089	5	40
502090	5	51
502090	5	51
502091	5	6
502091	5	6
502092	5	51
502092	5	51
502093	5	40
502093	5	40
502094	5	50
502094	5	50
502095	5	50
502095	5	50
502096	5	51
502096	5	51
502097	5	51
502097	5	51
502098	5	41
502098	5	41
502099	5	41
502099	5	41
502100	5	41
502100	5	41
502101	5	41
502101	5	41
502102	5	41
502102	5	41
502103	5	41
502103	5	41
502104	5	41
502104	5	41
502105	5	41
502105	5	41
502106	5	51
502106	5	51
502107	5	41
502107	5	41
502108	5	40
502108	5	40
502109	5	40
502109	5	40
502110	5	51
502110	5	51
502111	5	51
502111	5	51
502112	5	51
502112	5	51
502113	5	40
502113	5	40
502114	5	41
502114	5	41
502115	5	40
502115	5	40
502116	5	41
502116	5	41
502117	5	41
502117	5	41
502118	5	41
502118	5	41
502119	5	51
502119	5	51
502120	5	6
502120	5	6
502121	5	40
502121	5	40
502122	5	41
502122	5	41
502123	5	41
502123	5	41
502124	5	41
502124	5	41
502125	5	41
502125	5	41
502126	5	41
502126	5	41
502127	5	50
502127	5	50
502128	5	41
502128	5	41
502129	5	41
502129	5	41
502130	5	41
502130	5	41
502131	5	6
502131	5	6
502132	5	41
502132	5	41
502133	5	41
502133	5	41
502134	5	41
502134	5	41
502135	5	41
502135	5	41
502136	5	41
502136	5	41
502137	5	41
502137	5	41
502138	5	41
502138	5	41
502139	1	17
502139	1	17
502140	5	41
502140	5	41
502141	5	41
502141	5	41
502142	5	41
502142	5	41
502143	5	40
502143	5	40
502144	5	41
502144	5	41
502145	5	41
502145	5	41
502146	5	40
502146	5	40
502147	5	40
502147	5	40
502148	5	50
502148	5	50
502149	5	40
502149	5	40
502150	5	51
502150	5	51
502151	5	41
502151	5	41
502152	5	41
502152	5	41
502153	5	40
502153	5	40
502154	5	3
502154	5	3
502155	5	41
502155	5	41
502156	5	41
502156	5	41
502157	5	41
502157	5	41
502158	5	42
502158	5	42
502159	2	26
502159	2	26
502160	5	37
502160	5	37
502161	1	17
502161	1	17
502162	1	17
502162	1	17
502163	1	17
502163	1	17
502164	1	17
502164	1	17
502165	5	6
502165	5	6
502166	3	37
502166	3	37
502167	5	12
502167	5	12
502168	5	51
502168	5	51
502169	5	51
502169	5	51
502170	5	37
502170	5	37
502171	5	37
502171	5	37
502172	1	8
502172	1	8
502173	1	17
502173	1	17
502174	2	35
502174	2	35
502175	2	23
502175	2	23
502176	2	23
502176	2	23
502177	2	23
502177	2	23
502178	3	25
502178	3	25
502179	2	10
502179	2	10
502180	2	23
502180	2	23
502181	2	23
502181	2	23
502182	2	23
502182	2	23
502183	1	23
502183	1	23
502184	2	23
502184	2	23
502185	2	23
502185	2	23
502186	2	23
502186	2	23
502187	2	23
502187	2	23
502188	2	23
502188	2	23
502189	1	23
502189	1	23
502190	5	3
502190	5	3
502191	1	53
502191	1	53
502192	1	53
502192	1	53
502193	1	57
502193	1	57
502194	1	57
502194	1	57
502195	1	57
502195	1	57
502196	1	57
502196	1	57
502197	1	15
502197	1	15
502198	1	57
502198	1	57
502199	1	57
502199	1	57
502200	1	57
502200	1	57
502201	5	2
502201	5	2
502202	2	23
502202	2	23
502203	2	27
502203	2	27
502204	2	62
502204	2	62
502205	2	63
502205	2	63
502206	2	63
502206	2	63
502207	2	63
502207	2	63
502208	2	60
502208	2	60
502209	2	60
502209	2	60
502210	2	60
502210	2	60
502211	2	60
502211	2	60
502212	2	60
502212	2	60
502213	2	60
502213	2	60
502214	2	60
502214	2	60
502215	2	60
502215	2	60
502216	2	64
502216	2	64
502217	5	12
502217	5	12
502218	2	53
502218	2	53
502219	2	62
502219	2	62
502220	2	14
502220	2	14
502221	2	9
502221	2	9
502222	2	69
502222	2	69
502223	2	68
502223	2	68
502224	2	63
502224	2	63
502225	2	63
502225	2	63
502226	2	29
502226	2	29
502227	2	63
502227	2	63
502228	2	63
502228	2	63
502229	2	63
502229	2	63
502230	2	42
502230	2	42
502231	2	10
502231	2	10
502232	2	75
502232	2	75
502233	2	11
502233	2	11
502234	2	55
502234	2	55
502235	2	68
502235	2	68
502236	2	7
502236	2	7
502237	2	64
502237	2	64
502238	5	12
502238	5	12
502239	2	60
502239	2	60
502240	2	61
502240	2	61
502241	2	63
502241	2	63
502242	2	60
502242	2	60
502243	2	63
502243	2	63
502244	2	63
502244	2	63
502245	2	64
502245	2	64
502246	2	64
502246	2	64
502247	2	60
502247	2	60
502248	2	7
502248	2	7
502249	2	64
502249	2	64
502250	2	63
502250	2	63
502251	2	64
502251	2	64
502252	5	12
502252	5	12
502253	2	23
502253	2	23
502254	2	63
502254	2	63
502255	2	63
502255	2	63
502256	2	44
502256	2	44
502257	2	62
502257	2	62
502258	2	34
502258	2	34
502259	2	34
502259	2	34
502260	2	59
502260	2	59
502261	2	62
502261	2	62
502262	2	62
502262	2	62
502263	2	44
502263	2	44
502264	5	12
502264	5	12
502265	2	64
502265	2	64
502266	2	64
502266	2	64
502267	2	64
502267	2	64
502268	2	7
502268	2	7
502269	2	7
502269	2	7
502270	2	7
502270	2	7
502271	2	7
502271	2	7
502272	2	7
502272	2	7
502273	2	61
502273	2	61
502274	2	53
502274	2	53
502275	2	26
502275	2	26
502276	5	12
502276	5	12
502277	2	7
502277	2	7
502278	2	63
502278	2	63
502279	2	63
502279	2	63
502280	2	63
502280	2	63
502281	2	64
502281	2	64
502282	2	60
502282	2	60
502283	2	60
502283	2	60
502284	2	60
502284	2	60
502285	2	60
502285	2	60
502286	2	60
502286	2	60
502287	2	63
502287	2	63
502288	2	63
502288	2	63
502289	2	63
502289	2	63
502290	5	12
502290	5	12
502291	5	12
502291	5	12
502292	2	44
502292	2	44
502293	2	62
502293	2	62
502294	2	58
502294	2	58
502295	2	58
502295	2	58
502296	2	44
502296	2	44
502297	2	16
502297	2	16
502298	2	16
502298	2	16
502299	2	12
502299	2	12
502300	2	23
502300	2	23
502301	2	65
502301	2	65
502302	2	14
502302	2	14
502303	2	29
502303	2	29
502304	2	59
502304	2	59
502305	2	37
502305	2	37
502306	2	59
502306	2	59
502307	2	16
502307	2	16
502308	5	42
502308	5	42
502309	2	12
502309	2	12
502310	2	53
502310	2	53
502311	2	53
502311	2	53
502312	2	44
502312	2	44
502313	2	44
502313	2	44
502314	2	60
502314	2	60
502315	2	53
502315	2	53
502316	2	61
502316	2	61
502317	2	53
502317	2	53
502318	2	18
502318	2	18
502319	2	29
502319	2	29
502320	2	69
502320	2	69
502321	2	64
502321	2	64
502322	2	53
502322	2	53
502323	2	53
502323	2	53
502324	4	33
502324	4	33
502325	4	33
502325	4	33
502326	4	33
502326	4	33
502327	3	20
502327	3	20
502328	3	20
502328	3	20
502329	3	20
502329	3	20
502330	3	20
502330	3	20
502331	3	20
502331	3	20
502332	3	20
502332	3	20
502333	3	20
502333	3	20
502334	4	46
502334	4	46
502335	4	33
502335	4	33
502336	4	33
502336	4	33
502337	4	33
502337	4	33
502338	4	33
502338	4	33
502339	4	46
502339	4	46
502340	1	54
502340	1	54
502341	4	28
502341	4	28
502342	4	33
502342	4	33
502343	1	43
502343	1	43
502344	4	33
502344	4	33
502345	4	33
502345	4	33
502346	4	33
502346	4	33
502347	1	73
502347	1	73
502348	1	47
502348	1	47
502349	1	73
502349	1	73
502350	4	46
502350	4	46
502351	4	47
502351	4	47
502352	4	46
502352	4	46
502353	4	33
502353	4	33
502354	4	33
502354	4	33
502355	4	33
502355	4	33
502356	4	46
502356	4	46
502357	4	33
502357	4	33
502358	4	30
502358	4	30
502359	4	24
502359	4	24
502360	4	46
502360	4	46
502361	4	46
502361	4	46
502362	4	33
502362	4	33
502363	4	33
502363	4	33
502364	4	33
502364	4	33
502365	4	28
502365	4	28
502366	5	48
502366	5	48
502367	5	48
502367	5	48
502368	5	48
502368	5	48
502369	5	48
502369	5	48
502370	5	48
502370	5	48
502371	5	48
502371	5	48
502372	5	48
502372	5	48
502373	5	48
502373	5	48
502374	5	48
502374	5	48
502375	5	48
502375	5	48
502376	5	48
502376	5	48
502377	5	48
502377	5	48
502378	5	48
502378	5	48
502379	5	48
502379	5	48
502380	4	46
502380	4	46
502381	4	30
502381	4	30
502382	4	30
502382	4	30
502383	4	33
502383	4	33
502384	4	33
502384	4	33
502385	4	46
502385	4	46
502386	4	46
502386	4	46
502387	4	46
502387	4	46
502388	4	46
502388	4	46
502389	4	46
502389	4	46
502390	4	46
502390	4	46
502391	4	46
502391	4	46
502392	4	46
502392	4	46
502393	4	46
502393	4	46
502394	4	46
502394	4	46
502395	4	30
502395	4	30
502396	4	30
502396	4	30
502397	4	66
502397	4	66
502398	1	73
502398	1	73
502399	1	47
502399	1	47
502400	1	46
502400	1	46
